  File "/workspace/frappe-bench/generate_run.py", line 307, in <module>
    sinv.submit()
  File "/workspace/frappe-bench/apps/frappe/frappe/utils/typing_validations.py", line 36, in wrapper
    return func(*args, **kwargs)
  File "/workspace/frappe-bench/apps/frappe/frappe/model/document.py", line 1349, in submit
    return self._submit()
  File "/workspace/frappe-bench/apps/frappe/frappe/model/document.py", line 1330, in _submit
    return self.save()
  File "/workspace/frappe-bench/apps/frappe/frappe/model/document.py", line 557, in save
    return self._save(*args, **kwargs)
  File "/workspace/frappe-bench/apps/frappe/frappe/model/document.py", line 612, in _save
    self.run_post_save_methods()
  File "/workspace/frappe-bench/apps/frappe/frappe/model/document.py", line 1457, in run_post_save_methods
    self.run_method("on_submit")
  File "/workspace/frappe-bench/apps/frappe/frappe/model/document.py", line 1260, in run_method
    out = Document.hook(fn)(self, *args, **kwargs)
  File "/workspace/frappe-bench/apps/frappe/frappe/model/document.py", line 1661, in composer
    return composed(self, method, *args, **kwargs)
  File "/workspace/frappe-bench/apps/frappe/frappe/model/document.py", line 1635, in runner
    add_to_return_value(self, fn(self, *args, **kwargs))
  File "/workspace/frappe-bench/apps/frappe/frappe/model/document.py", line 1257, in fn
    return method_object(*args, **kwargs)
  File "/workspace/frappe-bench/apps/erpnext/erpnext/accounts/doctype/sales_invoice/sales_invoice.py", line 510, in on_submit
    self.make_gl_entries()
  File "/workspace/frappe-bench/apps/erpnext/erpnext/accounts/doctype/sales_invoice/sales_invoice.py", line 1607, in make_gl_entries
    make_gl_entries(
  File "/workspace/frappe-bench/apps/erpnext/erpnext/accounts/general_ledger.py", line 53, in make_gl_entries
    create_payment_ledger_entry(
  File "/workspace/frappe-bench/apps/erpnext/erpnext/accounts/utils.py", line 2138, in create_payment_ledger_entry
    ple.submit()
  File "/workspace/frappe-bench/apps/frappe/frappe/utils/typing_validations.py", line 36, in wrapper
    return func(*args, **kwargs)
  File "/workspace/frappe-bench/apps/frappe/frappe/model/document.py", line 1349, in submit
    return self._submit()
  File "/workspace/frappe-bench/apps/frappe/frappe/model/document.py", line 1330, in _submit
    return self.save()
  File "/workspace/frappe-bench/apps/frappe/frappe/model/document.py", line 557, in save
    return self._save(*args, **kwargs)
  File "/workspace/frappe-bench/apps/frappe/frappe/model/document.py", line 579, in _save
    return self.insert()
  File "/workspace/frappe-bench/apps/frappe/frappe/model/document.py", line 513, in insert
    self.run_post_save_methods()
  File "/workspace/frappe-bench/apps/frappe/frappe/model/document.py", line 1456, in run_post_save_methods
    self.run_method("on_update")
  File "/workspace/frappe-bench/apps/frappe/frappe/model/document.py", line 1260, in run_method
    out = Document.hook(fn)(self, *args, **kwargs)
  File "/workspace/frappe-bench/apps/frappe/frappe/model/document.py", line 1661, in composer
    return composed(self, method, *args, **kwargs)
  File "/workspace/frappe-bench/apps/frappe/frappe/model/document.py", line 1635, in runner
    add_to_return_value(self, fn(self, *args, **kwargs))
  File "/workspace/frappe-bench/apps/frappe/frappe/model/document.py", line 1257, in fn
    return method_object(*args, **kwargs)
  File "/workspace/frappe-bench/apps/erpnext/erpnext/accounts/doctype/payment_ledger_entry/payment_ledger_entry.py", line 174, in on_update
    update_voucher_outstanding(
  File "/workspace/frappe-bench/apps/erpnext/erpnext/accounts/utils.py", line 2167, in update_voucher_outstanding
    voucher_outstanding = ple_query.get_voucher_outstandings(vouchers, common_filter=common_filter)
  File "/workspace/frappe-bench/apps/erpnext/erpnext/accounts/utils.py", line 2487, in get_voucher_outstandings
    self.query_for_outstanding()
  File "/workspace/frappe-bench/apps/erpnext/erpnext/accounts/utils.py", line 2450, in query_for_outstanding
    self.voucher_outstandings = self.cte_query_voucher_amount_and_outstanding.run(as_dict=True)
  File "/workspace/frappe-bench/apps/frappe/frappe/query_builder/utils.py", line 139, in execute_query
    result = frappe.local.db.sql(query, params, *args, **kwargs)  # nosemgrep
  File "/workspace/frappe-bench/apps/frappe/frappe/database/postgres/database.py", line 234, in sql
    return super().sql(modify_query(query), modify_values(values), *args, **kwargs)
  File "/workspace/frappe-bench/apps/frappe/frappe/database/database.py", line 294, in sql
    traceback.print_stack()
Error in query:
column "tabPayment Ledger Entry.account" must appear in the GROUP BY clause or be used in an aggregate function
LINE 1: WITH vouchers AS (SELECT "account","voucher_type","voucher_n...
                                 ^

  File "/workspace/frappe-bench/generate_run.py", line 406, in <module>
    pr.insert(ignore_permissions=True)
  File "/workspace/frappe-bench/apps/frappe/frappe/model/document.py", line 486, in insert
    self.run_before_save_methods()
  File "/workspace/frappe-bench/apps/frappe/frappe/model/document.py", line 1411, in run_before_save_methods
    self.run_method("validate")
  File "/workspace/frappe-bench/apps/frappe/frappe/model/document.py", line 1260, in run_method
    out = Document.hook(fn)(self, *args, **kwargs)
  File "/workspace/frappe-bench/apps/frappe/frappe/model/document.py", line 1661, in composer
    return composed(self, method, *args, **kwargs)
  File "/workspace/frappe-bench/apps/frappe/frappe/model/document.py", line 1635, in runner
    add_to_return_value(self, fn(self, *args, **kwargs))
  File "/workspace/frappe-bench/apps/frappe/frappe/model/document.py", line 1257, in fn
    return method_object(*args, **kwargs)
  File "/workspace/frappe-bench/apps/erpnext/erpnext/stock/doctype/purchase_receipt/purchase_receipt.py", line 255, in validate
    super().validate()
  File "/workspace/frappe-bench/apps/erpnext/erpnext/controllers/buying_controller.py", line 67, in validate
    self.set_landed_cost_voucher_amount()
  File "/workspace/frappe-bench/apps/erpnext/erpnext/controllers/stock_controller.py", line 1225, in set_landed_cost_voucher_amount
    lc_voucher_data = query.run(as_list=True)
  File "/workspace/frappe-bench/apps/frappe/frappe/query_builder/utils.py", line 139, in execute_query
    result = frappe.local.db.sql(query, params, *args, **kwargs)  # nosemgrep
  File "/workspace/frappe-bench/apps/frappe/frappe/database/postgres/database.py", line 234, in sql
    return super().sql(modify_query(query), modify_values(values), *args, **kwargs)
  File "/workspace/frappe-bench/apps/frappe/frappe/database/database.py", line 294, in sql
    traceback.print_stack()
Error in query:
column "tabLanded Cost Item.cost_center" must appear in the GROUP BY clause or be used in an aggregate function
LINE 1: SELECT SUM("applicable_charges"),"cost_center" FROM "tabLand...
                                         ^

  File "/workspace/frappe-bench/generate_run.py", line 503, in <module>
    se.submit()
  File "/workspace/frappe-bench/apps/frappe/frappe/utils/typing_validations.py", line 36, in wrapper
    return func(*args, **kwargs)
  File "/workspace/frappe-bench/apps/frappe/frappe/model/document.py", line 1349, in submit
    return self._submit()
  File "/workspace/frappe-bench/apps/frappe/frappe/model/document.py", line 1330, in _submit
    return self.save()
  File "/workspace/frappe-bench/apps/frappe/frappe/model/document.py", line 557, in save
    return self._save(*args, **kwargs)
  File "/workspace/frappe-bench/apps/frappe/frappe/model/document.py", line 612, in _save
    self.run_post_save_methods()
  File "/workspace/frappe-bench/apps/frappe/frappe/model/document.py", line 1457, in run_post_save_methods
    self.run_method("on_submit")
  File "/workspace/frappe-bench/apps/frappe/frappe/model/document.py", line 1260, in run_method
    out = Document.hook(fn)(self, *args, **kwargs)
  File "/workspace/frappe-bench/apps/frappe/frappe/model/document.py", line 1661, in composer
    return composed(self, method, *args, **kwargs)
  File "/workspace/frappe-bench/apps/frappe/frappe/model/document.py", line 1635, in runner
    add_to_return_value(self, fn(self, *args, **kwargs))
  File "/workspace/frappe-bench/apps/frappe/frappe/model/document.py", line 1257, in fn
    return method_object(*args, **kwargs)
  File "/workspace/frappe-bench/apps/erpnext/erpnext/stock/doctype/stock_entry/stock_entry.py", line 572, in on_submit
    self.update_stock_ledger()
  File "/workspace/frappe-bench/apps/erpnext/erpnext/stock/doctype/stock_entry/stock_entry.py", line 2227, in update_stock_ledger
    self.make_sl_entries(
  File "/workspace/frappe-bench/apps/erpnext/erpnext/controllers/stock_controller.py", line 1431, in make_sl_entries
    make_sl_entries(sl_entries, allow_negative_stock, via_landed_cost_voucher)
  File "/workspace/frappe-bench/apps/erpnext/erpnext/stock/stock_ledger.py", line 98, in make_sl_entries
    validate_stock_frozen_by_closing_entry(sl_entries)
  File "/workspace/frappe-bench/apps/erpnext/erpnext/stock/stock_ledger.py", line 67, in validate_stock_frozen_by_closing_entry
    closing_entry = get_closing_entry_for_closed_period(company)
  File "/workspace/frappe-bench/apps/erpnext/erpnext/stock/doctype/stock_closing_entry/stock_closing_entry.py", line 30, in get_closing_entry_for_closed_period
    closed_upto = frappe.db.get_value(
  File "/workspace/frappe-bench/apps/frappe/frappe/database/database.py", line 564, in get_value
    result = self.get_values(
  File "/workspace/frappe-bench/apps/frappe/frappe/database/database.py", line 680, in get_values
    out = query.run(as_dict=as_dict, debug=debug, update=update, run=run, pluck=pluck)
  File "/workspace/frappe-bench/apps/frappe/frappe/query_builder/utils.py", line 139, in execute_query
    result = frappe.local.db.sql(query, params, *args, **kwargs)  # nosemgrep
  File "/workspace/frappe-bench/apps/frappe/frappe/database/postgres/database.py", line 234, in sql
    return super().sql(modify_query(query), modify_values(values), *args, **kwargs)
  File "/workspace/frappe-bench/apps/frappe/frappe/database/database.py", line 294, in sql
    traceback.print_stack()
Error in query:
column "tabPeriod Closing Voucher.creation" must appear in the GROUP BY clause or be used in an aggregate function
LINE 1: ...= '1' AND "company"='Ultra MRF Dau Main' ORDER BY "creation"...
                                                             ^

  File "/workspace/frappe-bench/generate_run.py", line 307, in <module>
    sinv.submit()
  File "/workspace/frappe-bench/apps/frappe/frappe/utils/typing_validations.py", line 36, in wrapper
    return func(*args, **kwargs)
  File "/workspace/frappe-bench/apps/frappe/frappe/model/document.py", line 1349, in submit
    return self._submit()
  File "/workspace/frappe-bench/apps/frappe/frappe/model/document.py", line 1330, in _submit
    return self.save()
  File "/workspace/frappe-bench/apps/frappe/frappe/model/document.py", line 557, in save
    return self._save(*args, **kwargs)
  File "/workspace/frappe-bench/apps/frappe/frappe/model/document.py", line 612, in _save
    self.run_post_save_methods()
  File "/workspace/frappe-bench/apps/frappe/frappe/model/document.py", line 1457, in run_post_save_methods
    self.run_method("on_submit")
  File "/workspace/frappe-bench/apps/frappe/frappe/model/document.py", line 1260, in run_method
    out = Document.hook(fn)(self, *args, **kwargs)
  File "/workspace/frappe-bench/apps/frappe/frappe/model/document.py", line 1661, in composer
    return composed(self, method, *args, **kwargs)
  File "/workspace/frappe-bench/apps/frappe/frappe/model/document.py", line 1635, in runner
    add_to_return_value(self, fn(self, *args, **kwargs))
  File "/workspace/frappe-bench/apps/frappe/frappe/model/document.py", line 1257, in fn
    return method_object(*args, **kwargs)
  File "/workspace/frappe-bench/apps/erpnext/erpnext/accounts/doctype/sales_invoice/sales_invoice.py", line 510, in on_submit
    self.make_gl_entries()
  File "/workspace/frappe-bench/apps/erpnext/erpnext/accounts/doctype/sales_invoice/sales_invoice.py", line 1607, in make_gl_entries
    make_gl_entries(
  File "/workspace/frappe-bench/apps/erpnext/erpnext/accounts/general_ledger.py", line 53, in make_gl_entries
    create_payment_ledger_entry(
  File "/workspace/frappe-bench/apps/erpnext/erpnext/accounts/utils.py", line 2138, in create_payment_ledger_entry
    ple.submit()
  File "/workspace/frappe-bench/apps/frappe/frappe/utils/typing_validations.py", line 36, in wrapper
    return func(*args, **kwargs)
  File "/workspace/frappe-bench/apps/frappe/frappe/model/document.py", line 1349, in submit
    return self._submit()
  File "/workspace/frappe-bench/apps/frappe/frappe/model/document.py", line 1330, in _submit
    return self.save()
  File "/workspace/frappe-bench/apps/frappe/frappe/model/document.py", line 557, in save
    return self._save(*args, **kwargs)
  File "/workspace/frappe-bench/apps/frappe/frappe/model/document.py", line 579, in _save
    return self.insert()
  File "/workspace/frappe-bench/apps/frappe/frappe/model/document.py", line 513, in insert
    self.run_post_save_methods()
  File "/workspace/frappe-bench/apps/frappe/frappe/model/document.py", line 1456, in run_post_save_methods
    self.run_method("on_update")
  File "/workspace/frappe-bench/apps/frappe/frappe/model/document.py", line 1260, in run_method
    out = Document.hook(fn)(self, *args, **kwargs)
  File "/workspace/frappe-bench/apps/frappe/frappe/model/document.py", line 1661, in composer
    return composed(self, method, *args, **kwargs)
  File "/workspace/frappe-bench/apps/frappe/frappe/model/document.py", line 1635, in runner
    add_to_return_value(self, fn(self, *args, **kwargs))
  File "/workspace/frappe-bench/apps/frappe/frappe/model/document.py", line 1257, in fn
    return method_object(*args, **kwargs)
  File "/workspace/frappe-bench/apps/erpnext/erpnext/accounts/doctype/payment_ledger_entry/payment_ledger_entry.py", line 174, in on_update
    update_voucher_outstanding(
  File "/workspace/frappe-bench/apps/erpnext/erpnext/accounts/utils.py", line 2167, in update_voucher_outstanding
    voucher_outstanding = ple_query.get_voucher_outstandings(vouchers, common_filter=common_filter)
  File "/workspace/frappe-bench/apps/erpnext/erpnext/accounts/utils.py", line 2487, in get_voucher_outstandings
    self.query_for_outstanding()
  File "/workspace/frappe-bench/apps/erpnext/erpnext/accounts/utils.py", line 2450, in query_for_outstanding
    self.voucher_outstandings = self.cte_query_voucher_amount_and_outstanding.run(as_dict=True)
  File "/workspace/frappe-bench/apps/frappe/frappe/query_builder/utils.py", line 139, in execute_query
    result = frappe.local.db.sql(query, params, *args, **kwargs)  # nosemgrep
  File "/workspace/frappe-bench/apps/frappe/frappe/database/postgres/database.py", line 234, in sql
    return super().sql(modify_query(query), modify_values(values), *args, **kwargs)
  File "/workspace/frappe-bench/apps/frappe/frappe/database/database.py", line 294, in sql
    traceback.print_stack()
Error in query:
column "tabPayment Ledger Entry.account" must appear in the GROUP BY clause or be used in an aggregate function
LINE 1: WITH vouchers AS (SELECT "account","voucher_type","voucher_n...
                                 ^

  File "/workspace/frappe-bench/generate_run.py", line 406, in <module>
    pr.insert(ignore_permissions=True)
  File "/workspace/frappe-bench/apps/frappe/frappe/model/document.py", line 486, in insert
    self.run_before_save_methods()
  File "/workspace/frappe-bench/apps/frappe/frappe/model/document.py", line 1411, in run_before_save_methods
    self.run_method("validate")
  File "/workspace/frappe-bench/apps/frappe/frappe/model/document.py", line 1260, in run_method
    out = Document.hook(fn)(self, *args, **kwargs)
  File "/workspace/frappe-bench/apps/frappe/frappe/model/document.py", line 1661, in composer
    return composed(self, method, *args, **kwargs)
  File "/workspace/frappe-bench/apps/frappe/frappe/model/document.py", line 1635, in runner
    add_to_return_value(self, fn(self, *args, **kwargs))
  File "/workspace/frappe-bench/apps/frappe/frappe/model/document.py", line 1257, in fn
    return method_object(*args, **kwargs)
  File "/workspace/frappe-bench/apps/erpnext/erpnext/stock/doctype/purchase_receipt/purchase_receipt.py", line 255, in validate
    super().validate()
  File "/workspace/frappe-bench/apps/erpnext/erpnext/controllers/buying_controller.py", line 67, in validate
    self.set_landed_cost_voucher_amount()
  File "/workspace/frappe-bench/apps/erpnext/erpnext/controllers/stock_controller.py", line 1225, in set_landed_cost_voucher_amount
    lc_voucher_data = query.run(as_list=True)
  File "/workspace/frappe-bench/apps/frappe/frappe/query_builder/utils.py", line 139, in execute_query
    result = frappe.local.db.sql(query, params, *args, **kwargs)  # nosemgrep
  File "/workspace/frappe-bench/apps/frappe/frappe/database/postgres/database.py", line 234, in sql
    return super().sql(modify_query(query), modify_values(values), *args, **kwargs)
  File "/workspace/frappe-bench/apps/frappe/frappe/database/database.py", line 294, in sql
    traceback.print_stack()
Error in query:
column "tabLanded Cost Item.cost_center" must appear in the GROUP BY clause or be used in an aggregate function
LINE 1: SELECT SUM("applicable_charges"),"cost_center" FROM "tabLand...
                                         ^

  File "/workspace/frappe-bench/generate_run.py", line 503, in <module>
    se.submit()
  File "/workspace/frappe-bench/apps/frappe/frappe/utils/typing_validations.py", line 36, in wrapper
    return func(*args, **kwargs)
  File "/workspace/frappe-bench/apps/frappe/frappe/model/document.py", line 1349, in submit
    return self._submit()
  File "/workspace/frappe-bench/apps/frappe/frappe/model/document.py", line 1330, in _submit
    return self.save()
  File "/workspace/frappe-bench/apps/frappe/frappe/model/document.py", line 557, in save
    return self._save(*args, **kwargs)
  File "/workspace/frappe-bench/apps/frappe/frappe/model/document.py", line 612, in _save
    self.run_post_save_methods()
  File "/workspace/frappe-bench/apps/frappe/frappe/model/document.py", line 1457, in run_post_save_methods
    self.run_method("on_submit")
  File "/workspace/frappe-bench/apps/frappe/frappe/model/document.py", line 1260, in run_method
    out = Document.hook(fn)(self, *args, **kwargs)
  File "/workspace/frappe-bench/apps/frappe/frappe/model/document.py", line 1661, in composer
    return composed(self, method, *args, **kwargs)
  File "/workspace/frappe-bench/apps/frappe/frappe/model/document.py", line 1635, in runner
    add_to_return_value(self, fn(self, *args, **kwargs))
  File "/workspace/frappe-bench/apps/frappe/frappe/model/document.py", line 1257, in fn
    return method_object(*args, **kwargs)
  File "/workspace/frappe-bench/apps/erpnext/erpnext/stock/doctype/stock_entry/stock_entry.py", line 572, in on_submit
    self.update_stock_ledger()
  File "/workspace/frappe-bench/apps/erpnext/erpnext/stock/doctype/stock_entry/stock_entry.py", line 2227, in update_stock_ledger
    self.make_sl_entries(
  File "/workspace/frappe-bench/apps/erpnext/erpnext/controllers/stock_controller.py", line 1431, in make_sl_entries
    make_sl_entries(sl_entries, allow_negative_stock, via_landed_cost_voucher)
  File "/workspace/frappe-bench/apps/erpnext/erpnext/stock/stock_ledger.py", line 98, in make_sl_entries
    validate_stock_frozen_by_closing_entry(sl_entries)
  File "/workspace/frappe-bench/apps/erpnext/erpnext/stock/stock_ledger.py", line 67, in validate_stock_frozen_by_closing_entry
    closing_entry = get_closing_entry_for_closed_period(company)
  File "/workspace/frappe-bench/apps/erpnext/erpnext/stock/doctype/stock_closing_entry/stock_closing_entry.py", line 30, in get_closing_entry_for_closed_period
    closed_upto = frappe.db.get_value(
  File "/workspace/frappe-bench/apps/frappe/frappe/database/database.py", line 564, in get_value
    result = self.get_values(
  File "/workspace/frappe-bench/apps/frappe/frappe/database/database.py", line 680, in get_values
    out = query.run(as_dict=as_dict, debug=debug, update=update, run=run, pluck=pluck)
  File "/workspace/frappe-bench/apps/frappe/frappe/query_builder/utils.py", line 139, in execute_query
    result = frappe.local.db.sql(query, params, *args, **kwargs)  # nosemgrep
  File "/workspace/frappe-bench/apps/frappe/frappe/database/postgres/database.py", line 234, in sql
    return super().sql(modify_query(query), modify_values(values), *args, **kwargs)
  File "/workspace/frappe-bench/apps/frappe/frappe/database/database.py", line 294, in sql
    traceback.print_stack()
Error in query:
column "tabPeriod Closing Voucher.creation" must appear in the GROUP BY clause or be used in an aggregate function
LINE 1: ... '1' AND "company"='Ultra MRF Dau Annex' ORDER BY "creation"...
                                                             ^

  File "/workspace/frappe-bench/generate_run.py", line 307, in <module>
    sinv.submit()
  File "/workspace/frappe-bench/apps/frappe/frappe/utils/typing_validations.py", line 36, in wrapper
    return func(*args, **kwargs)
  File "/workspace/frappe-bench/apps/frappe/frappe/model/document.py", line 1349, in submit
    return self._submit()
  File "/workspace/frappe-bench/apps/frappe/frappe/model/document.py", line 1330, in _submit
    return self.save()
  File "/workspace/frappe-bench/apps/frappe/frappe/model/document.py", line 557, in save
    return self._save(*args, **kwargs)
  File "/workspace/frappe-bench/apps/frappe/frappe/model/document.py", line 612, in _save
    self.run_post_save_methods()
  File "/workspace/frappe-bench/apps/frappe/frappe/model/document.py", line 1457, in run_post_save_methods
    self.run_method("on_submit")
  File "/workspace/frappe-bench/apps/frappe/frappe/model/document.py", line 1260, in run_method
    out = Document.hook(fn)(self, *args, **kwargs)
  File "/workspace/frappe-bench/apps/frappe/frappe/model/document.py", line 1661, in composer
    return composed(self, method, *args, **kwargs)
  File "/workspace/frappe-bench/apps/frappe/frappe/model/document.py", line 1635, in runner
    add_to_return_value(self, fn(self, *args, **kwargs))
  File "/workspace/frappe-bench/apps/frappe/frappe/model/document.py", line 1257, in fn
    return method_object(*args, **kwargs)
  File "/workspace/frappe-bench/apps/erpnext/erpnext/accounts/doctype/sales_invoice/sales_invoice.py", line 510, in on_submit
    self.make_gl_entries()
  File "/workspace/frappe-bench/apps/erpnext/erpnext/accounts/doctype/sales_invoice/sales_invoice.py", line 1607, in make_gl_entries
    make_gl_entries(
  File "/workspace/frappe-bench/apps/erpnext/erpnext/accounts/general_ledger.py", line 53, in make_gl_entries
    create_payment_ledger_entry(
  File "/workspace/frappe-bench/apps/erpnext/erpnext/accounts/utils.py", line 2138, in create_payment_ledger_entry
    ple.submit()
  File "/workspace/frappe-bench/apps/frappe/frappe/utils/typing_validations.py", line 36, in wrapper
    return func(*args, **kwargs)
  File "/workspace/frappe-bench/apps/frappe/frappe/model/document.py", line 1349, in submit
    return self._submit()
  File "/workspace/frappe-bench/apps/frappe/frappe/model/document.py", line 1330, in _submit
    return self.save()
  File "/workspace/frappe-bench/apps/frappe/frappe/model/document.py", line 557, in save
    return self._save(*args, **kwargs)
  File "/workspace/frappe-bench/apps/frappe/frappe/model/document.py", line 579, in _save
    return self.insert()
  File "/workspace/frappe-bench/apps/frappe/frappe/model/document.py", line 513, in insert
    self.run_post_save_methods()
  File "/workspace/frappe-bench/apps/frappe/frappe/model/document.py", line 1456, in run_post_save_methods
    self.run_method("on_update")
  File "/workspace/frappe-bench/apps/frappe/frappe/model/document.py", line 1260, in run_method
    out = Document.hook(fn)(self, *args, **kwargs)
  File "/workspace/frappe-bench/apps/frappe/frappe/model/document.py", line 1661, in composer
    return composed(self, method, *args, **kwargs)
  File "/workspace/frappe-bench/apps/frappe/frappe/model/document.py", line 1635, in runner
    add_to_return_value(self, fn(self, *args, **kwargs))
  File "/workspace/frappe-bench/apps/frappe/frappe/model/document.py", line 1257, in fn
    return method_object(*args, **kwargs)
  File "/workspace/frappe-bench/apps/erpnext/erpnext/accounts/doctype/payment_ledger_entry/payment_ledger_entry.py", line 174, in on_update
    update_voucher_outstanding(
  File "/workspace/frappe-bench/apps/erpnext/erpnext/accounts/utils.py", line 2167, in update_voucher_outstanding
    voucher_outstanding = ple_query.get_voucher_outstandings(vouchers, common_filter=common_filter)
  File "/workspace/frappe-bench/apps/erpnext/erpnext/accounts/utils.py", line 2487, in get_voucher_outstandings
    self.query_for_outstanding()
  File "/workspace/frappe-bench/apps/erpnext/erpnext/accounts/utils.py", line 2450, in query_for_outstanding
    self.voucher_outstandings = self.cte_query_voucher_amount_and_outstanding.run(as_dict=True)
  File "/workspace/frappe-bench/apps/frappe/frappe/query_builder/utils.py", line 139, in execute_query
    result = frappe.local.db.sql(query, params, *args, **kwargs)  # nosemgrep
  File "/workspace/frappe-bench/apps/frappe/frappe/database/postgres/database.py", line 234, in sql
    return super().sql(modify_query(query), modify_values(values), *args, **kwargs)
  File "/workspace/frappe-bench/apps/frappe/frappe/database/database.py", line 294, in sql
    traceback.print_stack()
Error in query:
column "tabPayment Ledger Entry.account" must appear in the GROUP BY clause or be used in an aggregate function
LINE 1: WITH vouchers AS (SELECT "account","voucher_type","voucher_n...
                                 ^

  File "/workspace/frappe-bench/generate_run.py", line 406, in <module>
    pr.insert(ignore_permissions=True)
  File "/workspace/frappe-bench/apps/frappe/frappe/model/document.py", line 486, in insert
    self.run_before_save_methods()
  File "/workspace/frappe-bench/apps/frappe/frappe/model/document.py", line 1411, in run_before_save_methods
    self.run_method("validate")
  File "/workspace/frappe-bench/apps/frappe/frappe/model/document.py", line 1260, in run_method
    out = Document.hook(fn)(self, *args, **kwargs)
  File "/workspace/frappe-bench/apps/frappe/frappe/model/document.py", line 1661, in composer
    return composed(self, method, *args, **kwargs)
  File "/workspace/frappe-bench/apps/frappe/frappe/model/document.py", line 1635, in runner
    add_to_return_value(self, fn(self, *args, **kwargs))
  File "/workspace/frappe-bench/apps/frappe/frappe/model/document.py", line 1257, in fn
    return method_object(*args, **kwargs)
  File "/workspace/frappe-bench/apps/erpnext/erpnext/stock/doctype/purchase_receipt/purchase_receipt.py", line 255, in validate
    super().validate()
  File "/workspace/frappe-bench/apps/erpnext/erpnext/controllers/buying_controller.py", line 67, in validate
    self.set_landed_cost_voucher_amount()
  File "/workspace/frappe-bench/apps/erpnext/erpnext/controllers/stock_controller.py", line 1225, in set_landed_cost_voucher_amount
    lc_voucher_data = query.run(as_list=True)
  File "/workspace/frappe-bench/apps/frappe/frappe/query_builder/utils.py", line 139, in execute_query
    result = frappe.local.db.sql(query, params, *args, **kwargs)  # nosemgrep
  File "/workspace/frappe-bench/apps/frappe/frappe/database/postgres/database.py", line 234, in sql
    return super().sql(modify_query(query), modify_values(values), *args, **kwargs)
  File "/workspace/frappe-bench/apps/frappe/frappe/database/database.py", line 294, in sql
    traceback.print_stack()
Error in query:
column "tabLanded Cost Item.cost_center" must appear in the GROUP BY clause or be used in an aggregate function
LINE 1: SELECT SUM("applicable_charges"),"cost_center" FROM "tabLand...
                                         ^

  File "/workspace/frappe-bench/generate_run.py", line 503, in <module>
    se.submit()
  File "/workspace/frappe-bench/apps/frappe/frappe/utils/typing_validations.py", line 36, in wrapper
    return func(*args, **kwargs)
  File "/workspace/frappe-bench/apps/frappe/frappe/model/document.py", line 1349, in submit
    return self._submit()
  File "/workspace/frappe-bench/apps/frappe/frappe/model/document.py", line 1330, in _submit
    return self.save()
  File "/workspace/frappe-bench/apps/frappe/frappe/model/document.py", line 557, in save
    return self._save(*args, **kwargs)
  File "/workspace/frappe-bench/apps/frappe/frappe/model/document.py", line 612, in _save
    self.run_post_save_methods()
  File "/workspace/frappe-bench/apps/frappe/frappe/model/document.py", line 1457, in run_post_save_methods
    self.run_method("on_submit")
  File "/workspace/frappe-bench/apps/frappe/frappe/model/document.py", line 1260, in run_method
    out = Document.hook(fn)(self, *args, **kwargs)
  File "/workspace/frappe-bench/apps/frappe/frappe/model/document.py", line 1661, in composer
    return composed(self, method, *args, **kwargs)
  File "/workspace/frappe-bench/apps/frappe/frappe/model/document.py", line 1635, in runner
    add_to_return_value(self, fn(self, *args, **kwargs))
  File "/workspace/frappe-bench/apps/frappe/frappe/model/document.py", line 1257, in fn
    return method_object(*args, **kwargs)
  File "/workspace/frappe-bench/apps/erpnext/erpnext/stock/doctype/stock_entry/stock_entry.py", line 572, in on_submit
    self.update_stock_ledger()
  File "/workspace/frappe-bench/apps/erpnext/erpnext/stock/doctype/stock_entry/stock_entry.py", line 2227, in update_stock_ledger
    self.make_sl_entries(
  File "/workspace/frappe-bench/apps/erpnext/erpnext/controllers/stock_controller.py", line 1431, in make_sl_entries
    make_sl_entries(sl_entries, allow_negative_stock, via_landed_cost_voucher)
  File "/workspace/frappe-bench/apps/erpnext/erpnext/stock/stock_ledger.py", line 98, in make_sl_entries
    validate_stock_frozen_by_closing_entry(sl_entries)
  File "/workspace/frappe-bench/apps/erpnext/erpnext/stock/stock_ledger.py", line 67, in validate_stock_frozen_by_closing_entry
    closing_entry = get_closing_entry_for_closed_period(company)
  File "/workspace/frappe-bench/apps/erpnext/erpnext/stock/doctype/stock_closing_entry/stock_closing_entry.py", line 30, in get_closing_entry_for_closed_period
    closed_upto = frappe.db.get_value(
  File "/workspace/frappe-bench/apps/frappe/frappe/database/database.py", line 564, in get_value
    result = self.get_values(
  File "/workspace/frappe-bench/apps/frappe/frappe/database/database.py", line 680, in get_values
    out = query.run(as_dict=as_dict, debug=debug, update=update, run=run, pluck=pluck)
  File "/workspace/frappe-bench/apps/frappe/frappe/query_builder/utils.py", line 139, in execute_query
    result = frappe.local.db.sql(query, params, *args, **kwargs)  # nosemgrep
  File "/workspace/frappe-bench/apps/frappe/frappe/database/postgres/database.py", line 234, in sql
    return super().sql(modify_query(query), modify_values(values), *args, **kwargs)
  File "/workspace/frappe-bench/apps/frappe/frappe/database/database.py", line 294, in sql
    traceback.print_stack()
Error in query:
column "tabPeriod Closing Voucher.creation" must appear in the GROUP BY clause or be used in an aggregate function
LINE 1: ...' AND "company"='Ultra MRF San Fernando' ORDER BY "creation"...
                                                             ^

  File "/workspace/frappe-bench/generate_run.py", line 307, in <module>
    sinv.submit()
  File "/workspace/frappe-bench/apps/frappe/frappe/utils/typing_validations.py", line 36, in wrapper
    return func(*args, **kwargs)
  File "/workspace/frappe-bench/apps/frappe/frappe/model/document.py", line 1349, in submit
    return self._submit()
  File "/workspace/frappe-bench/apps/frappe/frappe/model/document.py", line 1330, in _submit
    return self.save()
  File "/workspace/frappe-bench/apps/frappe/frappe/model/document.py", line 557, in save
    return self._save(*args, **kwargs)
  File "/workspace/frappe-bench/apps/frappe/frappe/model/document.py", line 612, in _save
    self.run_post_save_methods()
  File "/workspace/frappe-bench/apps/frappe/frappe/model/document.py", line 1457, in run_post_save_methods
    self.run_method("on_submit")
  File "/workspace/frappe-bench/apps/frappe/frappe/model/document.py", line 1260, in run_method
    out = Document.hook(fn)(self, *args, **kwargs)
  File "/workspace/frappe-bench/apps/frappe/frappe/model/document.py", line 1661, in composer
    return composed(self, method, *args, **kwargs)
  File "/workspace/frappe-bench/apps/frappe/frappe/model/document.py", line 1635, in runner
    add_to_return_value(self, fn(self, *args, **kwargs))
  File "/workspace/frappe-bench/apps/frappe/frappe/model/document.py", line 1257, in fn
    return method_object(*args, **kwargs)
  File "/workspace/frappe-bench/apps/erpnext/erpnext/accounts/doctype/sales_invoice/sales_invoice.py", line 510, in on_submit
    self.make_gl_entries()
  File "/workspace/frappe-bench/apps/erpnext/erpnext/accounts/doctype/sales_invoice/sales_invoice.py", line 1607, in make_gl_entries
    make_gl_entries(
  File "/workspace/frappe-bench/apps/erpnext/erpnext/accounts/general_ledger.py", line 53, in make_gl_entries
    create_payment_ledger_entry(
  File "/workspace/frappe-bench/apps/erpnext/erpnext/accounts/utils.py", line 2138, in create_payment_ledger_entry
    ple.submit()
  File "/workspace/frappe-bench/apps/frappe/frappe/utils/typing_validations.py", line 36, in wrapper
    return func(*args, **kwargs)
  File "/workspace/frappe-bench/apps/frappe/frappe/model/document.py", line 1349, in submit
    return self._submit()
  File "/workspace/frappe-bench/apps/frappe/frappe/model/document.py", line 1330, in _submit
    return self.save()
  File "/workspace/frappe-bench/apps/frappe/frappe/model/document.py", line 557, in save
    return self._save(*args, **kwargs)
  File "/workspace/frappe-bench/apps/frappe/frappe/model/document.py", line 579, in _save
    return self.insert()
  File "/workspace/frappe-bench/apps/frappe/frappe/model/document.py", line 513, in insert
    self.run_post_save_methods()
  File "/workspace/frappe-bench/apps/frappe/frappe/model/document.py", line 1456, in run_post_save_methods
    self.run_method("on_update")
  File "/workspace/frappe-bench/apps/frappe/frappe/model/document.py", line 1260, in run_method
    out = Document.hook(fn)(self, *args, **kwargs)
  File "/workspace/frappe-bench/apps/frappe/frappe/model/document.py", line 1661, in composer
    return composed(self, method, *args, **kwargs)
  File "/workspace/frappe-bench/apps/frappe/frappe/model/document.py", line 1635, in runner
    add_to_return_value(self, fn(self, *args, **kwargs))
  File "/workspace/frappe-bench/apps/frappe/frappe/model/document.py", line 1257, in fn
    return method_object(*args, **kwargs)
  File "/workspace/frappe-bench/apps/erpnext/erpnext/accounts/doctype/payment_ledger_entry/payment_ledger_entry.py", line 174, in on_update
    update_voucher_outstanding(
  File "/workspace/frappe-bench/apps/erpnext/erpnext/accounts/utils.py", line 2167, in update_voucher_outstanding
    voucher_outstanding = ple_query.get_voucher_outstandings(vouchers, common_filter=common_filter)
  File "/workspace/frappe-bench/apps/erpnext/erpnext/accounts/utils.py", line 2487, in get_voucher_outstandings
    self.query_for_outstanding()
  File "/workspace/frappe-bench/apps/erpnext/erpnext/accounts/utils.py", line 2450, in query_for_outstanding
    self.voucher_outstandings = self.cte_query_voucher_amount_and_outstanding.run(as_dict=True)
  File "/workspace/frappe-bench/apps/frappe/frappe/query_builder/utils.py", line 139, in execute_query
    result = frappe.local.db.sql(query, params, *args, **kwargs)  # nosemgrep
  File "/workspace/frappe-bench/apps/frappe/frappe/database/postgres/database.py", line 234, in sql
    return super().sql(modify_query(query), modify_values(values), *args, **kwargs)
  File "/workspace/frappe-bench/apps/frappe/frappe/database/database.py", line 294, in sql
    traceback.print_stack()
Error in query:
column "tabPayment Ledger Entry.account" must appear in the GROUP BY clause or be used in an aggregate function
LINE 1: WITH vouchers AS (SELECT "account","voucher_type","voucher_n...
                                 ^

  File "/workspace/frappe-bench/generate_run.py", line 406, in <module>
    pr.insert(ignore_permissions=True)
  File "/workspace/frappe-bench/apps/frappe/frappe/model/document.py", line 486, in insert
    self.run_before_save_methods()
  File "/workspace/frappe-bench/apps/frappe/frappe/model/document.py", line 1411, in run_before_save_methods
    self.run_method("validate")
  File "/workspace/frappe-bench/apps/frappe/frappe/model/document.py", line 1260, in run_method
    out = Document.hook(fn)(self, *args, **kwargs)
  File "/workspace/frappe-bench/apps/frappe/frappe/model/document.py", line 1661, in composer
    return composed(self, method, *args, **kwargs)
  File "/workspace/frappe-bench/apps/frappe/frappe/model/document.py", line 1635, in runner
    add_to_return_value(self, fn(self, *args, **kwargs))
  File "/workspace/frappe-bench/apps/frappe/frappe/model/document.py", line 1257, in fn
    return method_object(*args, **kwargs)
  File "/workspace/frappe-bench/apps/erpnext/erpnext/stock/doctype/purchase_receipt/purchase_receipt.py", line 255, in validate
    super().validate()
  File "/workspace/frappe-bench/apps/erpnext/erpnext/controllers/buying_controller.py", line 67, in validate
    self.set_landed_cost_voucher_amount()
  File "/workspace/frappe-bench/apps/erpnext/erpnext/controllers/stock_controller.py", line 1225, in set_landed_cost_voucher_amount
    lc_voucher_data = query.run(as_list=True)
  File "/workspace/frappe-bench/apps/frappe/frappe/query_builder/utils.py", line 139, in execute_query
    result = frappe.local.db.sql(query, params, *args, **kwargs)  # nosemgrep
  File "/workspace/frappe-bench/apps/frappe/frappe/database/postgres/database.py", line 234, in sql
    return super().sql(modify_query(query), modify_values(values), *args, **kwargs)
  File "/workspace/frappe-bench/apps/frappe/frappe/database/database.py", line 294, in sql
    traceback.print_stack()
Error in query:
column "tabLanded Cost Item.cost_center" must appear in the GROUP BY clause or be used in an aggregate function
LINE 1: SELECT SUM("applicable_charges"),"cost_center" FROM "tabLand...
                                         ^

  File "/workspace/frappe-bench/generate_run.py", line 503, in <module>
    se.submit()
  File "/workspace/frappe-bench/apps/frappe/frappe/utils/typing_validations.py", line 36, in wrapper
    return func(*args, **kwargs)
  File "/workspace/frappe-bench/apps/frappe/frappe/model/document.py", line 1349, in submit
    return self._submit()
  File "/workspace/frappe-bench/apps/frappe/frappe/model/document.py", line 1330, in _submit
    return self.save()
  File "/workspace/frappe-bench/apps/frappe/frappe/model/document.py", line 557, in save
    return self._save(*args, **kwargs)
  File "/workspace/frappe-bench/apps/frappe/frappe/model/document.py", line 612, in _save
    self.run_post_save_methods()
  File "/workspace/frappe-bench/apps/frappe/frappe/model/document.py", line 1457, in run_post_save_methods
    self.run_method("on_submit")
  File "/workspace/frappe-bench/apps/frappe/frappe/model/document.py", line 1260, in run_method
    out = Document.hook(fn)(self, *args, **kwargs)
  File "/workspace/frappe-bench/apps/frappe/frappe/model/document.py", line 1661, in composer
    return composed(self, method, *args, **kwargs)
  File "/workspace/frappe-bench/apps/frappe/frappe/model/document.py", line 1635, in runner
    add_to_return_value(self, fn(self, *args, **kwargs))
  File "/workspace/frappe-bench/apps/frappe/frappe/model/document.py", line 1257, in fn
    return method_object(*args, **kwargs)
  File "/workspace/frappe-bench/apps/erpnext/erpnext/stock/doctype/stock_entry/stock_entry.py", line 572, in on_submit
    self.update_stock_ledger()
  File "/workspace/frappe-bench/apps/erpnext/erpnext/stock/doctype/stock_entry/stock_entry.py", line 2227, in update_stock_ledger
    self.make_sl_entries(
  File "/workspace/frappe-bench/apps/erpnext/erpnext/controllers/stock_controller.py", line 1431, in make_sl_entries
    make_sl_entries(sl_entries, allow_negative_stock, via_landed_cost_voucher)
  File "/workspace/frappe-bench/apps/erpnext/erpnext/stock/stock_ledger.py", line 98, in make_sl_entries
    validate_stock_frozen_by_closing_entry(sl_entries)
  File "/workspace/frappe-bench/apps/erpnext/erpnext/stock/stock_ledger.py", line 67, in validate_stock_frozen_by_closing_entry
    closing_entry = get_closing_entry_for_closed_period(company)
  File "/workspace/frappe-bench/apps/erpnext/erpnext/stock/doctype/stock_closing_entry/stock_closing_entry.py", line 30, in get_closing_entry_for_closed_period
    closed_upto = frappe.db.get_value(
  File "/workspace/frappe-bench/apps/frappe/frappe/database/database.py", line 564, in get_value
    result = self.get_values(
  File "/workspace/frappe-bench/apps/frappe/frappe/database/database.py", line 680, in get_values
    out = query.run(as_dict=as_dict, debug=debug, update=update, run=run, pluck=pluck)
  File "/workspace/frappe-bench/apps/frappe/frappe/query_builder/utils.py", line 139, in execute_query
    result = frappe.local.db.sql(query, params, *args, **kwargs)  # nosemgrep
  File "/workspace/frappe-bench/apps/frappe/frappe/database/postgres/database.py", line 234, in sql
    return super().sql(modify_query(query), modify_values(values), *args, **kwargs)
  File "/workspace/frappe-bench/apps/frappe/frappe/database/database.py", line 294, in sql
    traceback.print_stack()
Error in query:
column "tabPeriod Closing Voucher.creation" must appear in the GROUP BY clause or be used in an aggregate function
LINE 1: ...cstatus"= '1' AND "company"='Wheel Core' ORDER BY "creation"...
                                                             ^

  File "/workspace/frappe-bench/generate_run.py", line 307, in <module>
    sinv.submit()
  File "/workspace/frappe-bench/apps/frappe/frappe/utils/typing_validations.py", line 36, in wrapper
    return func(*args, **kwargs)
  File "/workspace/frappe-bench/apps/frappe/frappe/model/document.py", line 1349, in submit
    return self._submit()
  File "/workspace/frappe-bench/apps/frappe/frappe/model/document.py", line 1330, in _submit
    return self.save()
  File "/workspace/frappe-bench/apps/frappe/frappe/model/document.py", line 557, in save
    return self._save(*args, **kwargs)
  File "/workspace/frappe-bench/apps/frappe/frappe/model/document.py", line 612, in _save
    self.run_post_save_methods()
  File "/workspace/frappe-bench/apps/frappe/frappe/model/document.py", line 1457, in run_post_save_methods
    self.run_method("on_submit")
  File "/workspace/frappe-bench/apps/frappe/frappe/model/document.py", line 1260, in run_method
    out = Document.hook(fn)(self, *args, **kwargs)
  File "/workspace/frappe-bench/apps/frappe/frappe/model/document.py", line 1661, in composer
    return composed(self, method, *args, **kwargs)
  File "/workspace/frappe-bench/apps/frappe/frappe/model/document.py", line 1635, in runner
    add_to_return_value(self, fn(self, *args, **kwargs))
  File "/workspace/frappe-bench/apps/frappe/frappe/model/document.py", line 1257, in fn
    return method_object(*args, **kwargs)
  File "/workspace/frappe-bench/apps/erpnext/erpnext/accounts/doctype/sales_invoice/sales_invoice.py", line 510, in on_submit
    self.make_gl_entries()
  File "/workspace/frappe-bench/apps/erpnext/erpnext/accounts/doctype/sales_invoice/sales_invoice.py", line 1607, in make_gl_entries
    make_gl_entries(
  File "/workspace/frappe-bench/apps/erpnext/erpnext/accounts/general_ledger.py", line 53, in make_gl_entries
    create_payment_ledger_entry(
  File "/workspace/frappe-bench/apps/erpnext/erpnext/accounts/utils.py", line 2138, in create_payment_ledger_entry
    ple.submit()
  File "/workspace/frappe-bench/apps/frappe/frappe/utils/typing_validations.py", line 36, in wrapper
    return func(*args, **kwargs)
  File "/workspace/frappe-bench/apps/frappe/frappe/model/document.py", line 1349, in submit
    return self._submit()
  File "/workspace/frappe-bench/apps/frappe/frappe/model/document.py", line 1330, in _submit
    return self.save()
  File "/workspace/frappe-bench/apps/frappe/frappe/model/document.py", line 557, in save
    return self._save(*args, **kwargs)
  File "/workspace/frappe-bench/apps/frappe/frappe/model/document.py", line 579, in _save
    return self.insert()
  File "/workspace/frappe-bench/apps/frappe/frappe/model/document.py", line 513, in insert
    self.run_post_save_methods()
  File "/workspace/frappe-bench/apps/frappe/frappe/model/document.py", line 1456, in run_post_save_methods
    self.run_method("on_update")
  File "/workspace/frappe-bench/apps/frappe/frappe/model/document.py", line 1260, in run_method
    out = Document.hook(fn)(self, *args, **kwargs)
  File "/workspace/frappe-bench/apps/frappe/frappe/model/document.py", line 1661, in composer
    return composed(self, method, *args, **kwargs)
  File "/workspace/frappe-bench/apps/frappe/frappe/model/document.py", line 1635, in runner
    add_to_return_value(self, fn(self, *args, **kwargs))
  File "/workspace/frappe-bench/apps/frappe/frappe/model/document.py", line 1257, in fn
    return method_object(*args, **kwargs)
  File "/workspace/frappe-bench/apps/erpnext/erpnext/accounts/doctype/payment_ledger_entry/payment_ledger_entry.py", line 174, in on_update
    update_voucher_outstanding(
  File "/workspace/frappe-bench/apps/erpnext/erpnext/accounts/utils.py", line 2167, in update_voucher_outstanding
    voucher_outstanding = ple_query.get_voucher_outstandings(vouchers, common_filter=common_filter)
  File "/workspace/frappe-bench/apps/erpnext/erpnext/accounts/utils.py", line 2487, in get_voucher_outstandings
    self.query_for_outstanding()
  File "/workspace/frappe-bench/apps/erpnext/erpnext/accounts/utils.py", line 2450, in query_for_outstanding
    self.voucher_outstandings = self.cte_query_voucher_amount_and_outstanding.run(as_dict=True)
  File "/workspace/frappe-bench/apps/frappe/frappe/query_builder/utils.py", line 139, in execute_query
    result = frappe.local.db.sql(query, params, *args, **kwargs)  # nosemgrep
  File "/workspace/frappe-bench/apps/frappe/frappe/database/postgres/database.py", line 234, in sql
    return super().sql(modify_query(query), modify_values(values), *args, **kwargs)
  File "/workspace/frappe-bench/apps/frappe/frappe/database/database.py", line 294, in sql
    traceback.print_stack()
Error in query:
column "tabPayment Ledger Entry.account" must appear in the GROUP BY clause or be used in an aggregate function
LINE 1: WITH vouchers AS (SELECT "account","voucher_type","voucher_n...
                                 ^

  File "/workspace/frappe-bench/generate_run.py", line 406, in <module>
    pr.insert(ignore_permissions=True)
  File "/workspace/frappe-bench/apps/frappe/frappe/model/document.py", line 486, in insert
    self.run_before_save_methods()
  File "/workspace/frappe-bench/apps/frappe/frappe/model/document.py", line 1411, in run_before_save_methods
    self.run_method("validate")
  File "/workspace/frappe-bench/apps/frappe/frappe/model/document.py", line 1260, in run_method
    out = Document.hook(fn)(self, *args, **kwargs)
  File "/workspace/frappe-bench/apps/frappe/frappe/model/document.py", line 1661, in composer
    return composed(self, method, *args, **kwargs)
  File "/workspace/frappe-bench/apps/frappe/frappe/model/document.py", line 1635, in runner
    add_to_return_value(self, fn(self, *args, **kwargs))
  File "/workspace/frappe-bench/apps/frappe/frappe/model/document.py", line 1257, in fn
    return method_object(*args, **kwargs)
  File "/workspace/frappe-bench/apps/erpnext/erpnext/stock/doctype/purchase_receipt/purchase_receipt.py", line 255, in validate
    super().validate()
  File "/workspace/frappe-bench/apps/erpnext/erpnext/controllers/buying_controller.py", line 67, in validate
    self.set_landed_cost_voucher_amount()
  File "/workspace/frappe-bench/apps/erpnext/erpnext/controllers/stock_controller.py", line 1225, in set_landed_cost_voucher_amount
    lc_voucher_data = query.run(as_list=True)
  File "/workspace/frappe-bench/apps/frappe/frappe/query_builder/utils.py", line 139, in execute_query
    result = frappe.local.db.sql(query, params, *args, **kwargs)  # nosemgrep
  File "/workspace/frappe-bench/apps/frappe/frappe/database/postgres/database.py", line 234, in sql
    return super().sql(modify_query(query), modify_values(values), *args, **kwargs)
  File "/workspace/frappe-bench/apps/frappe/frappe/database/database.py", line 294, in sql
    traceback.print_stack()
Error in query:
column "tabLanded Cost Item.cost_center" must appear in the GROUP BY clause or be used in an aggregate function
LINE 1: SELECT SUM("applicable_charges"),"cost_center" FROM "tabLand...
                                         ^

  File "/workspace/frappe-bench/generate_run.py", line 503, in <module>
    se.submit()
  File "/workspace/frappe-bench/apps/frappe/frappe/utils/typing_validations.py", line 36, in wrapper
    return func(*args, **kwargs)
  File "/workspace/frappe-bench/apps/frappe/frappe/model/document.py", line 1349, in submit
    return self._submit()
  File "/workspace/frappe-bench/apps/frappe/frappe/model/document.py", line 1330, in _submit
    return self.save()
  File "/workspace/frappe-bench/apps/frappe/frappe/model/document.py", line 557, in save
    return self._save(*args, **kwargs)
  File "/workspace/frappe-bench/apps/frappe/frappe/model/document.py", line 612, in _save
    self.run_post_save_methods()
  File "/workspace/frappe-bench/apps/frappe/frappe/model/document.py", line 1457, in run_post_save_methods
    self.run_method("on_submit")
  File "/workspace/frappe-bench/apps/frappe/frappe/model/document.py", line 1260, in run_method
    out = Document.hook(fn)(self, *args, **kwargs)
  File "/workspace/frappe-bench/apps/frappe/frappe/model/document.py", line 1661, in composer
    return composed(self, method, *args, **kwargs)
  File "/workspace/frappe-bench/apps/frappe/frappe/model/document.py", line 1635, in runner
    add_to_return_value(self, fn(self, *args, **kwargs))
  File "/workspace/frappe-bench/apps/frappe/frappe/model/document.py", line 1257, in fn
    return method_object(*args, **kwargs)
  File "/workspace/frappe-bench/apps/erpnext/erpnext/stock/doctype/stock_entry/stock_entry.py", line 572, in on_submit
    self.update_stock_ledger()
  File "/workspace/frappe-bench/apps/erpnext/erpnext/stock/doctype/stock_entry/stock_entry.py", line 2227, in update_stock_ledger
    self.make_sl_entries(
  File "/workspace/frappe-bench/apps/erpnext/erpnext/controllers/stock_controller.py", line 1431, in make_sl_entries
    make_sl_entries(sl_entries, allow_negative_stock, via_landed_cost_voucher)
  File "/workspace/frappe-bench/apps/erpnext/erpnext/stock/stock_ledger.py", line 98, in make_sl_entries
    validate_stock_frozen_by_closing_entry(sl_entries)
  File "/workspace/frappe-bench/apps/erpnext/erpnext/stock/stock_ledger.py", line 67, in validate_stock_frozen_by_closing_entry
    closing_entry = get_closing_entry_for_closed_period(company)
  File "/workspace/frappe-bench/apps/erpnext/erpnext/stock/doctype/stock_closing_entry/stock_closing_entry.py", line 30, in get_closing_entry_for_closed_period
    closed_upto = frappe.db.get_value(
  File "/workspace/frappe-bench/apps/frappe/frappe/database/database.py", line 564, in get_value
    result = self.get_values(
  File "/workspace/frappe-bench/apps/frappe/frappe/database/database.py", line 680, in get_values
    out = query.run(as_dict=as_dict, debug=debug, update=update, run=run, pluck=pluck)
  File "/workspace/frappe-bench/apps/frappe/frappe/query_builder/utils.py", line 139, in execute_query
    result = frappe.local.db.sql(query, params, *args, **kwargs)  # nosemgrep
  File "/workspace/frappe-bench/apps/frappe/frappe/database/postgres/database.py", line 234, in sql
    return super().sql(modify_query(query), modify_values(values), *args, **kwargs)
  File "/workspace/frappe-bench/apps/frappe/frappe/database/database.py", line 294, in sql
    traceback.print_stack()
Error in query:
column "tabPeriod Closing Voucher.creation" must appear in the GROUP BY clause or be used in an aggregate function
LINE 1: ...' AND "company"='Ultra MRF Telebastagan' ORDER BY "creation"...
                                                             ^

  File "/workspace/frappe-bench/generate_run.py", line 307, in <module>
    sinv.submit()
  File "/workspace/frappe-bench/apps/frappe/frappe/utils/typing_validations.py", line 36, in wrapper
    return func(*args, **kwargs)
  File "/workspace/frappe-bench/apps/frappe/frappe/model/document.py", line 1349, in submit
    return self._submit()
  File "/workspace/frappe-bench/apps/frappe/frappe/model/document.py", line 1330, in _submit
    return self.save()
  File "/workspace/frappe-bench/apps/frappe/frappe/model/document.py", line 557, in save
    return self._save(*args, **kwargs)
  File "/workspace/frappe-bench/apps/frappe/frappe/model/document.py", line 612, in _save
    self.run_post_save_methods()
  File "/workspace/frappe-bench/apps/frappe/frappe/model/document.py", line 1457, in run_post_save_methods
    self.run_method("on_submit")
  File "/workspace/frappe-bench/apps/frappe/frappe/model/document.py", line 1260, in run_method
    out = Document.hook(fn)(self, *args, **kwargs)
  File "/workspace/frappe-bench/apps/frappe/frappe/model/document.py", line 1661, in composer
    return composed(self, method, *args, **kwargs)
  File "/workspace/frappe-bench/apps/frappe/frappe/model/document.py", line 1635, in runner
    add_to_return_value(self, fn(self, *args, **kwargs))
  File "/workspace/frappe-bench/apps/frappe/frappe/model/document.py", line 1257, in fn
    return method_object(*args, **kwargs)
  File "/workspace/frappe-bench/apps/erpnext/erpnext/accounts/doctype/sales_invoice/sales_invoice.py", line 510, in on_submit
    self.make_gl_entries()
  File "/workspace/frappe-bench/apps/erpnext/erpnext/accounts/doctype/sales_invoice/sales_invoice.py", line 1607, in make_gl_entries
    make_gl_entries(
  File "/workspace/frappe-bench/apps/erpnext/erpnext/accounts/general_ledger.py", line 53, in make_gl_entries
    create_payment_ledger_entry(
  File "/workspace/frappe-bench/apps/erpnext/erpnext/accounts/utils.py", line 2138, in create_payment_ledger_entry
    ple.submit()
  File "/workspace/frappe-bench/apps/frappe/frappe/utils/typing_validations.py", line 36, in wrapper
    return func(*args, **kwargs)
  File "/workspace/frappe-bench/apps/frappe/frappe/model/document.py", line 1349, in submit
    return self._submit()
  File "/workspace/frappe-bench/apps/frappe/frappe/model/document.py", line 1330, in _submit
    return self.save()
  File "/workspace/frappe-bench/apps/frappe/frappe/model/document.py", line 557, in save
    return self._save(*args, **kwargs)
  File "/workspace/frappe-bench/apps/frappe/frappe/model/document.py", line 579, in _save
    return self.insert()
  File "/workspace/frappe-bench/apps/frappe/frappe/model/document.py", line 513, in insert
    self.run_post_save_methods()
  File "/workspace/frappe-bench/apps/frappe/frappe/model/document.py", line 1456, in run_post_save_methods
    self.run_method("on_update")
  File "/workspace/frappe-bench/apps/frappe/frappe/model/document.py", line 1260, in run_method
    out = Document.hook(fn)(self, *args, **kwargs)
  File "/workspace/frappe-bench/apps/frappe/frappe/model/document.py", line 1661, in composer
    return composed(self, method, *args, **kwargs)
  File "/workspace/frappe-bench/apps/frappe/frappe/model/document.py", line 1635, in runner
    add_to_return_value(self, fn(self, *args, **kwargs))
  File "/workspace/frappe-bench/apps/frappe/frappe/model/document.py", line 1257, in fn
    return method_object(*args, **kwargs)
  File "/workspace/frappe-bench/apps/erpnext/erpnext/accounts/doctype/payment_ledger_entry/payment_ledger_entry.py", line 174, in on_update
    update_voucher_outstanding(
  File "/workspace/frappe-bench/apps/erpnext/erpnext/accounts/utils.py", line 2167, in update_voucher_outstanding
    voucher_outstanding = ple_query.get_voucher_outstandings(vouchers, common_filter=common_filter)
  File "/workspace/frappe-bench/apps/erpnext/erpnext/accounts/utils.py", line 2487, in get_voucher_outstandings
    self.query_for_outstanding()
  File "/workspace/frappe-bench/apps/erpnext/erpnext/accounts/utils.py", line 2450, in query_for_outstanding
    self.voucher_outstandings = self.cte_query_voucher_amount_and_outstanding.run(as_dict=True)
  File "/workspace/frappe-bench/apps/frappe/frappe/query_builder/utils.py", line 139, in execute_query
    result = frappe.local.db.sql(query, params, *args, **kwargs)  # nosemgrep
  File "/workspace/frappe-bench/apps/frappe/frappe/database/postgres/database.py", line 234, in sql
    return super().sql(modify_query(query), modify_values(values), *args, **kwargs)
  File "/workspace/frappe-bench/apps/frappe/frappe/database/database.py", line 294, in sql
    traceback.print_stack()
Error in query:
column "tabPayment Ledger Entry.account" must appear in the GROUP BY clause or be used in an aggregate function
LINE 1: WITH vouchers AS (SELECT "account","voucher_type","voucher_n...
                                 ^

  File "/workspace/frappe-bench/generate_run.py", line 406, in <module>
    pr.insert(ignore_permissions=True)
  File "/workspace/frappe-bench/apps/frappe/frappe/model/document.py", line 486, in insert
    self.run_before_save_methods()
  File "/workspace/frappe-bench/apps/frappe/frappe/model/document.py", line 1411, in run_before_save_methods
    self.run_method("validate")
  File "/workspace/frappe-bench/apps/frappe/frappe/model/document.py", line 1260, in run_method
    out = Document.hook(fn)(self, *args, **kwargs)
  File "/workspace/frappe-bench/apps/frappe/frappe/model/document.py", line 1661, in composer
    return composed(self, method, *args, **kwargs)
  File "/workspace/frappe-bench/apps/frappe/frappe/model/document.py", line 1635, in runner
    add_to_return_value(self, fn(self, *args, **kwargs))
  File "/workspace/frappe-bench/apps/frappe/frappe/model/document.py", line 1257, in fn
    return method_object(*args, **kwargs)
  File "/workspace/frappe-bench/apps/erpnext/erpnext/stock/doctype/purchase_receipt/purchase_receipt.py", line 255, in validate
    super().validate()
  File "/workspace/frappe-bench/apps/erpnext/erpnext/controllers/buying_controller.py", line 67, in validate
    self.set_landed_cost_voucher_amount()
  File "/workspace/frappe-bench/apps/erpnext/erpnext/controllers/stock_controller.py", line 1225, in set_landed_cost_voucher_amount
    lc_voucher_data = query.run(as_list=True)
  File "/workspace/frappe-bench/apps/frappe/frappe/query_builder/utils.py", line 139, in execute_query
    result = frappe.local.db.sql(query, params, *args, **kwargs)  # nosemgrep
  File "/workspace/frappe-bench/apps/frappe/frappe/database/postgres/database.py", line 234, in sql
    return super().sql(modify_query(query), modify_values(values), *args, **kwargs)
  File "/workspace/frappe-bench/apps/frappe/frappe/database/database.py", line 294, in sql
    traceback.print_stack()
Error in query:
column "tabLanded Cost Item.cost_center" must appear in the GROUP BY clause or be used in an aggregate function
LINE 1: SELECT SUM("applicable_charges"),"cost_center" FROM "tabLand...
                                         ^

  File "/workspace/frappe-bench/generate_run.py", line 503, in <module>
    se.submit()
  File "/workspace/frappe-bench/apps/frappe/frappe/utils/typing_validations.py", line 36, in wrapper
    return func(*args, **kwargs)
  File "/workspace/frappe-bench/apps/frappe/frappe/model/document.py", line 1349, in submit
    return self._submit()
  File "/workspace/frappe-bench/apps/frappe/frappe/model/document.py", line 1330, in _submit
    return self.save()
  File "/workspace/frappe-bench/apps/frappe/frappe/model/document.py", line 557, in save
    return self._save(*args, **kwargs)
  File "/workspace/frappe-bench/apps/frappe/frappe/model/document.py", line 612, in _save
    self.run_post_save_methods()
  File "/workspace/frappe-bench/apps/frappe/frappe/model/document.py", line 1457, in run_post_save_methods
    self.run_method("on_submit")
  File "/workspace/frappe-bench/apps/frappe/frappe/model/document.py", line 1260, in run_method
    out = Document.hook(fn)(self, *args, **kwargs)
  File "/workspace/frappe-bench/apps/frappe/frappe/model/document.py", line 1661, in composer
    return composed(self, method, *args, **kwargs)
  File "/workspace/frappe-bench/apps/frappe/frappe/model/document.py", line 1635, in runner
    add_to_return_value(self, fn(self, *args, **kwargs))
  File "/workspace/frappe-bench/apps/frappe/frappe/model/document.py", line 1257, in fn
    return method_object(*args, **kwargs)
  File "/workspace/frappe-bench/apps/erpnext/erpnext/stock/doctype/stock_entry/stock_entry.py", line 572, in on_submit
    self.update_stock_ledger()
  File "/workspace/frappe-bench/apps/erpnext/erpnext/stock/doctype/stock_entry/stock_entry.py", line 2227, in update_stock_ledger
    self.make_sl_entries(
  File "/workspace/frappe-bench/apps/erpnext/erpnext/controllers/stock_controller.py", line 1431, in make_sl_entries
    make_sl_entries(sl_entries, allow_negative_stock, via_landed_cost_voucher)
  File "/workspace/frappe-bench/apps/erpnext/erpnext/stock/stock_ledger.py", line 98, in make_sl_entries
    validate_stock_frozen_by_closing_entry(sl_entries)
  File "/workspace/frappe-bench/apps/erpnext/erpnext/stock/stock_ledger.py", line 67, in validate_stock_frozen_by_closing_entry
    closing_entry = get_closing_entry_for_closed_period(company)
  File "/workspace/frappe-bench/apps/erpnext/erpnext/stock/doctype/stock_closing_entry/stock_closing_entry.py", line 30, in get_closing_entry_for_closed_period
    closed_upto = frappe.db.get_value(
  File "/workspace/frappe-bench/apps/frappe/frappe/database/database.py", line 564, in get_value
    result = self.get_values(
  File "/workspace/frappe-bench/apps/frappe/frappe/database/database.py", line 680, in get_values
    out = query.run(as_dict=as_dict, debug=debug, update=update, run=run, pluck=pluck)
  File "/workspace/frappe-bench/apps/frappe/frappe/query_builder/utils.py", line 139, in execute_query
    result = frappe.local.db.sql(query, params, *args, **kwargs)  # nosemgrep
  File "/workspace/frappe-bench/apps/frappe/frappe/database/postgres/database.py", line 234, in sql
    return super().sql(modify_query(query), modify_values(values), *args, **kwargs)
  File "/workspace/frappe-bench/apps/frappe/frappe/database/database.py", line 294, in sql
    traceback.print_stack()
Error in query:
column "tabPeriod Closing Voucher.creation" must appear in the GROUP BY clause or be used in an aggregate function
LINE 1: ... AND "company"='Automan Car Care Center' ORDER BY "creation"...
                                                             ^

  File "/workspace/frappe-bench/generate_run.py", line 307, in <module>
    sinv.submit()
  File "/workspace/frappe-bench/apps/frappe/frappe/utils/typing_validations.py", line 36, in wrapper
    return func(*args, **kwargs)
  File "/workspace/frappe-bench/apps/frappe/frappe/model/document.py", line 1349, in submit
    return self._submit()
  File "/workspace/frappe-bench/apps/frappe/frappe/model/document.py", line 1330, in _submit
    return self.save()
  File "/workspace/frappe-bench/apps/frappe/frappe/model/document.py", line 557, in save
    return self._save(*args, **kwargs)
  File "/workspace/frappe-bench/apps/frappe/frappe/model/document.py", line 612, in _save
    self.run_post_save_methods()
  File "/workspace/frappe-bench/apps/frappe/frappe/model/document.py", line 1457, in run_post_save_methods
    self.run_method("on_submit")
  File "/workspace/frappe-bench/apps/frappe/frappe/model/document.py", line 1260, in run_method
    out = Document.hook(fn)(self, *args, **kwargs)
  File "/workspace/frappe-bench/apps/frappe/frappe/model/document.py", line 1661, in composer
    return composed(self, method, *args, **kwargs)
  File "/workspace/frappe-bench/apps/frappe/frappe/model/document.py", line 1635, in runner
    add_to_return_value(self, fn(self, *args, **kwargs))
  File "/workspace/frappe-bench/apps/frappe/frappe/model/document.py", line 1257, in fn
    return method_object(*args, **kwargs)
  File "/workspace/frappe-bench/apps/erpnext/erpnext/accounts/doctype/sales_invoice/sales_invoice.py", line 510, in on_submit
    self.make_gl_entries()
  File "/workspace/frappe-bench/apps/erpnext/erpnext/accounts/doctype/sales_invoice/sales_invoice.py", line 1607, in make_gl_entries
    make_gl_entries(
  File "/workspace/frappe-bench/apps/erpnext/erpnext/accounts/general_ledger.py", line 53, in make_gl_entries
    create_payment_ledger_entry(
  File "/workspace/frappe-bench/apps/erpnext/erpnext/accounts/utils.py", line 2138, in create_payment_ledger_entry
    ple.submit()
  File "/workspace/frappe-bench/apps/frappe/frappe/utils/typing_validations.py", line 36, in wrapper
    return func(*args, **kwargs)
  File "/workspace/frappe-bench/apps/frappe/frappe/model/document.py", line 1349, in submit
    return self._submit()
  File "/workspace/frappe-bench/apps/frappe/frappe/model/document.py", line 1330, in _submit
    return self.save()
  File "/workspace/frappe-bench/apps/frappe/frappe/model/document.py", line 557, in save
    return self._save(*args, **kwargs)
  File "/workspace/frappe-bench/apps/frappe/frappe/model/document.py", line 579, in _save
    return self.insert()
  File "/workspace/frappe-bench/apps/frappe/frappe/model/document.py", line 513, in insert
    self.run_post_save_methods()
  File "/workspace/frappe-bench/apps/frappe/frappe/model/document.py", line 1456, in run_post_save_methods
    self.run_method("on_update")
  File "/workspace/frappe-bench/apps/frappe/frappe/model/document.py", line 1260, in run_method
    out = Document.hook(fn)(self, *args, **kwargs)
  File "/workspace/frappe-bench/apps/frappe/frappe/model/document.py", line 1661, in composer
    return composed(self, method, *args, **kwargs)
  File "/workspace/frappe-bench/apps/frappe/frappe/model/document.py", line 1635, in runner
    add_to_return_value(self, fn(self, *args, **kwargs))
  File "/workspace/frappe-bench/apps/frappe/frappe/model/document.py", line 1257, in fn
    return method_object(*args, **kwargs)
  File "/workspace/frappe-bench/apps/erpnext/erpnext/accounts/doctype/payment_ledger_entry/payment_ledger_entry.py", line 174, in on_update
    update_voucher_outstanding(
  File "/workspace/frappe-bench/apps/erpnext/erpnext/accounts/utils.py", line 2167, in update_voucher_outstanding
    voucher_outstanding = ple_query.get_voucher_outstandings(vouchers, common_filter=common_filter)
  File "/workspace/frappe-bench/apps/erpnext/erpnext/accounts/utils.py", line 2487, in get_voucher_outstandings
    self.query_for_outstanding()
  File "/workspace/frappe-bench/apps/erpnext/erpnext/accounts/utils.py", line 2450, in query_for_outstanding
    self.voucher_outstandings = self.cte_query_voucher_amount_and_outstanding.run(as_dict=True)
  File "/workspace/frappe-bench/apps/frappe/frappe/query_builder/utils.py", line 139, in execute_query
    result = frappe.local.db.sql(query, params, *args, **kwargs)  # nosemgrep
  File "/workspace/frappe-bench/apps/frappe/frappe/database/postgres/database.py", line 234, in sql
    return super().sql(modify_query(query), modify_values(values), *args, **kwargs)
  File "/workspace/frappe-bench/apps/frappe/frappe/database/database.py", line 294, in sql
    traceback.print_stack()
Error in query:
column "tabPayment Ledger Entry.account" must appear in the GROUP BY clause or be used in an aggregate function
LINE 1: WITH vouchers AS (SELECT "account","voucher_type","voucher_n...
                                 ^

  File "/workspace/frappe-bench/generate_run.py", line 406, in <module>
    pr.insert(ignore_permissions=True)
  File "/workspace/frappe-bench/apps/frappe/frappe/model/document.py", line 486, in insert
    self.run_before_save_methods()
  File "/workspace/frappe-bench/apps/frappe/frappe/model/document.py", line 1411, in run_before_save_methods
    self.run_method("validate")
  File "/workspace/frappe-bench/apps/frappe/frappe/model/document.py", line 1260, in run_method
    out = Document.hook(fn)(self, *args, **kwargs)
  File "/workspace/frappe-bench/apps/frappe/frappe/model/document.py", line 1661, in composer
    return composed(self, method, *args, **kwargs)
  File "/workspace/frappe-bench/apps/frappe/frappe/model/document.py", line 1635, in runner
    add_to_return_value(self, fn(self, *args, **kwargs))
  File "/workspace/frappe-bench/apps/frappe/frappe/model/document.py", line 1257, in fn
    return method_object(*args, **kwargs)
  File "/workspace/frappe-bench/apps/erpnext/erpnext/stock/doctype/purchase_receipt/purchase_receipt.py", line 255, in validate
    super().validate()
  File "/workspace/frappe-bench/apps/erpnext/erpnext/controllers/buying_controller.py", line 67, in validate
    self.set_landed_cost_voucher_amount()
  File "/workspace/frappe-bench/apps/erpnext/erpnext/controllers/stock_controller.py", line 1225, in set_landed_cost_voucher_amount
    lc_voucher_data = query.run(as_list=True)
  File "/workspace/frappe-bench/apps/frappe/frappe/query_builder/utils.py", line 139, in execute_query
    result = frappe.local.db.sql(query, params, *args, **kwargs)  # nosemgrep
  File "/workspace/frappe-bench/apps/frappe/frappe/database/postgres/database.py", line 234, in sql
    return super().sql(modify_query(query), modify_values(values), *args, **kwargs)
  File "/workspace/frappe-bench/apps/frappe/frappe/database/database.py", line 294, in sql
    traceback.print_stack()
Error in query:
column "tabLanded Cost Item.cost_center" must appear in the GROUP BY clause or be used in an aggregate function
LINE 1: SELECT SUM("applicable_charges"),"cost_center" FROM "tabLand...
                                         ^

  File "/workspace/frappe-bench/generate_run.py", line 503, in <module>
    se.submit()
  File "/workspace/frappe-bench/apps/frappe/frappe/utils/typing_validations.py", line 36, in wrapper
    return func(*args, **kwargs)
  File "/workspace/frappe-bench/apps/frappe/frappe/model/document.py", line 1349, in submit
    return self._submit()
  File "/workspace/frappe-bench/apps/frappe/frappe/model/document.py", line 1330, in _submit
    return self.save()
  File "/workspace/frappe-bench/apps/frappe/frappe/model/document.py", line 557, in save
    return self._save(*args, **kwargs)
  File "/workspace/frappe-bench/apps/frappe/frappe/model/document.py", line 612, in _save
    self.run_post_save_methods()
  File "/workspace/frappe-bench/apps/frappe/frappe/model/document.py", line 1457, in run_post_save_methods
    self.run_method("on_submit")
  File "/workspace/frappe-bench/apps/frappe/frappe/model/document.py", line 1260, in run_method
    out = Document.hook(fn)(self, *args, **kwargs)
  File "/workspace/frappe-bench/apps/frappe/frappe/model/document.py", line 1661, in composer
    return composed(self, method, *args, **kwargs)
  File "/workspace/frappe-bench/apps/frappe/frappe/model/document.py", line 1635, in runner
    add_to_return_value(self, fn(self, *args, **kwargs))
  File "/workspace/frappe-bench/apps/frappe/frappe/model/document.py", line 1257, in fn
    return method_object(*args, **kwargs)
  File "/workspace/frappe-bench/apps/erpnext/erpnext/stock/doctype/stock_entry/stock_entry.py", line 572, in on_submit
    self.update_stock_ledger()
  File "/workspace/frappe-bench/apps/erpnext/erpnext/stock/doctype/stock_entry/stock_entry.py", line 2227, in update_stock_ledger
    self.make_sl_entries(
  File "/workspace/frappe-bench/apps/erpnext/erpnext/controllers/stock_controller.py", line 1431, in make_sl_entries
    make_sl_entries(sl_entries, allow_negative_stock, via_landed_cost_voucher)
  File "/workspace/frappe-bench/apps/erpnext/erpnext/stock/stock_ledger.py", line 98, in make_sl_entries
    validate_stock_frozen_by_closing_entry(sl_entries)
  File "/workspace/frappe-bench/apps/erpnext/erpnext/stock/stock_ledger.py", line 67, in validate_stock_frozen_by_closing_entry
    closing_entry = get_closing_entry_for_closed_period(company)
  File "/workspace/frappe-bench/apps/erpnext/erpnext/stock/doctype/stock_closing_entry/stock_closing_entry.py", line 30, in get_closing_entry_for_closed_period
    closed_upto = frappe.db.get_value(
  File "/workspace/frappe-bench/apps/frappe/frappe/database/database.py", line 564, in get_value
    result = self.get_values(
  File "/workspace/frappe-bench/apps/frappe/frappe/database/database.py", line 680, in get_values
    out = query.run(as_dict=as_dict, debug=debug, update=update, run=run, pluck=pluck)
  File "/workspace/frappe-bench/apps/frappe/frappe/query_builder/utils.py", line 139, in execute_query
    result = frappe.local.db.sql(query, params, *args, **kwargs)  # nosemgrep
  File "/workspace/frappe-bench/apps/frappe/frappe/database/postgres/database.py", line 234, in sql
    return super().sql(modify_query(query), modify_values(values), *args, **kwargs)
  File "/workspace/frappe-bench/apps/frappe/frappe/database/database.py", line 294, in sql
    traceback.print_stack()
Error in query:
column "tabPeriod Closing Voucher.creation" must appear in the GROUP BY clause or be used in an aggregate function
LINE 1: ...tatus"= '1' AND "company"='The Wheelhub' ORDER BY "creation"...
                                                             ^

  File "/workspace/frappe-bench/generate_run.py", line 307, in <module>
    sinv.submit()
  File "/workspace/frappe-bench/apps/frappe/frappe/utils/typing_validations.py", line 36, in wrapper
    return func(*args, **kwargs)
  File "/workspace/frappe-bench/apps/frappe/frappe/model/document.py", line 1349, in submit
    return self._submit()
  File "/workspace/frappe-bench/apps/frappe/frappe/model/document.py", line 1330, in _submit
    return self.save()
  File "/workspace/frappe-bench/apps/frappe/frappe/model/document.py", line 557, in save
    return self._save(*args, **kwargs)
  File "/workspace/frappe-bench/apps/frappe/frappe/model/document.py", line 612, in _save
    self.run_post_save_methods()
  File "/workspace/frappe-bench/apps/frappe/frappe/model/document.py", line 1457, in run_post_save_methods
    self.run_method("on_submit")
  File "/workspace/frappe-bench/apps/frappe/frappe/model/document.py", line 1260, in run_method
    out = Document.hook(fn)(self, *args, **kwargs)
  File "/workspace/frappe-bench/apps/frappe/frappe/model/document.py", line 1661, in composer
    return composed(self, method, *args, **kwargs)
  File "/workspace/frappe-bench/apps/frappe/frappe/model/document.py", line 1635, in runner
    add_to_return_value(self, fn(self, *args, **kwargs))
  File "/workspace/frappe-bench/apps/frappe/frappe/model/document.py", line 1257, in fn
    return method_object(*args, **kwargs)
  File "/workspace/frappe-bench/apps/erpnext/erpnext/accounts/doctype/sales_invoice/sales_invoice.py", line 510, in on_submit
    self.make_gl_entries()
  File "/workspace/frappe-bench/apps/erpnext/erpnext/accounts/doctype/sales_invoice/sales_invoice.py", line 1607, in make_gl_entries
    make_gl_entries(
  File "/workspace/frappe-bench/apps/erpnext/erpnext/accounts/general_ledger.py", line 53, in make_gl_entries
    create_payment_ledger_entry(
  File "/workspace/frappe-bench/apps/erpnext/erpnext/accounts/utils.py", line 2138, in create_payment_ledger_entry
    ple.submit()
  File "/workspace/frappe-bench/apps/frappe/frappe/utils/typing_validations.py", line 36, in wrapper
    return func(*args, **kwargs)
  File "/workspace/frappe-bench/apps/frappe/frappe/model/document.py", line 1349, in submit
    return self._submit()
  File "/workspace/frappe-bench/apps/frappe/frappe/model/document.py", line 1330, in _submit
    return self.save()
  File "/workspace/frappe-bench/apps/frappe/frappe/model/document.py", line 557, in save
    return self._save(*args, **kwargs)
  File "/workspace/frappe-bench/apps/frappe/frappe/model/document.py", line 579, in _save
    return self.insert()
  File "/workspace/frappe-bench/apps/frappe/frappe/model/document.py", line 513, in insert
    self.run_post_save_methods()
  File "/workspace/frappe-bench/apps/frappe/frappe/model/document.py", line 1456, in run_post_save_methods
    self.run_method("on_update")
  File "/workspace/frappe-bench/apps/frappe/frappe/model/document.py", line 1260, in run_method
    out = Document.hook(fn)(self, *args, **kwargs)
  File "/workspace/frappe-bench/apps/frappe/frappe/model/document.py", line 1661, in composer
    return composed(self, method, *args, **kwargs)
  File "/workspace/frappe-bench/apps/frappe/frappe/model/document.py", line 1635, in runner
    add_to_return_value(self, fn(self, *args, **kwargs))
  File "/workspace/frappe-bench/apps/frappe/frappe/model/document.py", line 1257, in fn
    return method_object(*args, **kwargs)
  File "/workspace/frappe-bench/apps/erpnext/erpnext/accounts/doctype/payment_ledger_entry/payment_ledger_entry.py", line 174, in on_update
    update_voucher_outstanding(
  File "/workspace/frappe-bench/apps/erpnext/erpnext/accounts/utils.py", line 2167, in update_voucher_outstanding
    voucher_outstanding = ple_query.get_voucher_outstandings(vouchers, common_filter=common_filter)
  File "/workspace/frappe-bench/apps/erpnext/erpnext/accounts/utils.py", line 2487, in get_voucher_outstandings
    self.query_for_outstanding()
  File "/workspace/frappe-bench/apps/erpnext/erpnext/accounts/utils.py", line 2450, in query_for_outstanding
    self.voucher_outstandings = self.cte_query_voucher_amount_and_outstanding.run(as_dict=True)
  File "/workspace/frappe-bench/apps/frappe/frappe/query_builder/utils.py", line 139, in execute_query
    result = frappe.local.db.sql(query, params, *args, **kwargs)  # nosemgrep
  File "/workspace/frappe-bench/apps/frappe/frappe/database/postgres/database.py", line 234, in sql
    return super().sql(modify_query(query), modify_values(values), *args, **kwargs)
  File "/workspace/frappe-bench/apps/frappe/frappe/database/database.py", line 294, in sql
    traceback.print_stack()
Error in query:
column "tabPayment Ledger Entry.account" must appear in the GROUP BY clause or be used in an aggregate function
LINE 1: WITH vouchers AS (SELECT "account","voucher_type","voucher_n...
                                 ^

  File "/workspace/frappe-bench/generate_run.py", line 406, in <module>
    pr.insert(ignore_permissions=True)
  File "/workspace/frappe-bench/apps/frappe/frappe/model/document.py", line 486, in insert
    self.run_before_save_methods()
  File "/workspace/frappe-bench/apps/frappe/frappe/model/document.py", line 1411, in run_before_save_methods
    self.run_method("validate")
  File "/workspace/frappe-bench/apps/frappe/frappe/model/document.py", line 1260, in run_method
    out = Document.hook(fn)(self, *args, **kwargs)
  File "/workspace/frappe-bench/apps/frappe/frappe/model/document.py", line 1661, in composer
    return composed(self, method, *args, **kwargs)
  File "/workspace/frappe-bench/apps/frappe/frappe/model/document.py", line 1635, in runner
    add_to_return_value(self, fn(self, *args, **kwargs))
  File "/workspace/frappe-bench/apps/frappe/frappe/model/document.py", line 1257, in fn
    return method_object(*args, **kwargs)
  File "/workspace/frappe-bench/apps/erpnext/erpnext/stock/doctype/purchase_receipt/purchase_receipt.py", line 255, in validate
    super().validate()
  File "/workspace/frappe-bench/apps/erpnext/erpnext/controllers/buying_controller.py", line 67, in validate
    self.set_landed_cost_voucher_amount()
  File "/workspace/frappe-bench/apps/erpnext/erpnext/controllers/stock_controller.py", line 1225, in set_landed_cost_voucher_amount
    lc_voucher_data = query.run(as_list=True)
  File "/workspace/frappe-bench/apps/frappe/frappe/query_builder/utils.py", line 139, in execute_query
    result = frappe.local.db.sql(query, params, *args, **kwargs)  # nosemgrep
  File "/workspace/frappe-bench/apps/frappe/frappe/database/postgres/database.py", line 234, in sql
    return super().sql(modify_query(query), modify_values(values), *args, **kwargs)
  File "/workspace/frappe-bench/apps/frappe/frappe/database/database.py", line 294, in sql
    traceback.print_stack()
Error in query:
column "tabLanded Cost Item.cost_center" must appear in the GROUP BY clause or be used in an aggregate function
LINE 1: SELECT SUM("applicable_charges"),"cost_center" FROM "tabLand...
                                         ^

  File "/workspace/frappe-bench/generate_run.py", line 503, in <module>
    se.submit()
  File "/workspace/frappe-bench/apps/frappe/frappe/utils/typing_validations.py", line 36, in wrapper
    return func(*args, **kwargs)
  File "/workspace/frappe-bench/apps/frappe/frappe/model/document.py", line 1349, in submit
    return self._submit()
  File "/workspace/frappe-bench/apps/frappe/frappe/model/document.py", line 1330, in _submit
    return self.save()
  File "/workspace/frappe-bench/apps/frappe/frappe/model/document.py", line 557, in save
    return self._save(*args, **kwargs)
  File "/workspace/frappe-bench/apps/frappe/frappe/model/document.py", line 612, in _save
    self.run_post_save_methods()
  File "/workspace/frappe-bench/apps/frappe/frappe/model/document.py", line 1457, in run_post_save_methods
    self.run_method("on_submit")
  File "/workspace/frappe-bench/apps/frappe/frappe/model/document.py", line 1260, in run_method
    out = Document.hook(fn)(self, *args, **kwargs)
  File "/workspace/frappe-bench/apps/frappe/frappe/model/document.py", line 1661, in composer
    return composed(self, method, *args, **kwargs)
  File "/workspace/frappe-bench/apps/frappe/frappe/model/document.py", line 1635, in runner
    add_to_return_value(self, fn(self, *args, **kwargs))
  File "/workspace/frappe-bench/apps/frappe/frappe/model/document.py", line 1257, in fn
    return method_object(*args, **kwargs)
  File "/workspace/frappe-bench/apps/erpnext/erpnext/stock/doctype/stock_entry/stock_entry.py", line 572, in on_submit
    self.update_stock_ledger()
  File "/workspace/frappe-bench/apps/erpnext/erpnext/stock/doctype/stock_entry/stock_entry.py", line 2227, in update_stock_ledger
    self.make_sl_entries(
  File "/workspace/frappe-bench/apps/erpnext/erpnext/controllers/stock_controller.py", line 1431, in make_sl_entries
    make_sl_entries(sl_entries, allow_negative_stock, via_landed_cost_voucher)
  File "/workspace/frappe-bench/apps/erpnext/erpnext/stock/stock_ledger.py", line 98, in make_sl_entries
    validate_stock_frozen_by_closing_entry(sl_entries)
  File "/workspace/frappe-bench/apps/erpnext/erpnext/stock/stock_ledger.py", line 67, in validate_stock_frozen_by_closing_entry
    closing_entry = get_closing_entry_for_closed_period(company)
  File "/workspace/frappe-bench/apps/erpnext/erpnext/stock/doctype/stock_closing_entry/stock_closing_entry.py", line 30, in get_closing_entry_for_closed_period
    closed_upto = frappe.db.get_value(
  File "/workspace/frappe-bench/apps/frappe/frappe/database/database.py", line 564, in get_value
    result = self.get_values(
  File "/workspace/frappe-bench/apps/frappe/frappe/database/database.py", line 680, in get_values
    out = query.run(as_dict=as_dict, debug=debug, update=update, run=run, pluck=pluck)
  File "/workspace/frappe-bench/apps/frappe/frappe/query_builder/utils.py", line 139, in execute_query
    result = frappe.local.db.sql(query, params, *args, **kwargs)  # nosemgrep
  File "/workspace/frappe-bench/apps/frappe/frappe/database/postgres/database.py", line 234, in sql
    return super().sql(modify_query(query), modify_values(values), *args, **kwargs)
  File "/workspace/frappe-bench/apps/frappe/frappe/database/database.py", line 294, in sql
    traceback.print_stack()
Error in query:
column "tabPeriod Closing Voucher.creation" must appear in the GROUP BY clause or be used in an aggregate function
LINE 1: ...ocstatus"= '1' AND "company"='ULTRA MRF' ORDER BY "creation"...
                                                             ^

  File "/workspace/frappe-bench/generate_run.py", line 307, in <module>
    sinv.submit()
  File "/workspace/frappe-bench/apps/frappe/frappe/utils/typing_validations.py", line 36, in wrapper
    return func(*args, **kwargs)
  File "/workspace/frappe-bench/apps/frappe/frappe/model/document.py", line 1349, in submit
    return self._submit()
  File "/workspace/frappe-bench/apps/frappe/frappe/model/document.py", line 1330, in _submit
    return self.save()
  File "/workspace/frappe-bench/apps/frappe/frappe/model/document.py", line 557, in save
    return self._save(*args, **kwargs)
  File "/workspace/frappe-bench/apps/frappe/frappe/model/document.py", line 612, in _save
    self.run_post_save_methods()
  File "/workspace/frappe-bench/apps/frappe/frappe/model/document.py", line 1457, in run_post_save_methods
    self.run_method("on_submit")
  File "/workspace/frappe-bench/apps/frappe/frappe/model/document.py", line 1260, in run_method
    out = Document.hook(fn)(self, *args, **kwargs)
  File "/workspace/frappe-bench/apps/frappe/frappe/model/document.py", line 1661, in composer
    return composed(self, method, *args, **kwargs)
  File "/workspace/frappe-bench/apps/frappe/frappe/model/document.py", line 1635, in runner
    add_to_return_value(self, fn(self, *args, **kwargs))
  File "/workspace/frappe-bench/apps/frappe/frappe/model/document.py", line 1257, in fn
    return method_object(*args, **kwargs)
  File "/workspace/frappe-bench/apps/erpnext/erpnext/accounts/doctype/sales_invoice/sales_invoice.py", line 510, in on_submit
    self.make_gl_entries()
  File "/workspace/frappe-bench/apps/erpnext/erpnext/accounts/doctype/sales_invoice/sales_invoice.py", line 1607, in make_gl_entries
    make_gl_entries(
  File "/workspace/frappe-bench/apps/erpnext/erpnext/accounts/general_ledger.py", line 53, in make_gl_entries
    create_payment_ledger_entry(
  File "/workspace/frappe-bench/apps/erpnext/erpnext/accounts/utils.py", line 2138, in create_payment_ledger_entry
    ple.submit()
  File "/workspace/frappe-bench/apps/frappe/frappe/utils/typing_validations.py", line 36, in wrapper
    return func(*args, **kwargs)
  File "/workspace/frappe-bench/apps/frappe/frappe/model/document.py", line 1349, in submit
    return self._submit()
  File "/workspace/frappe-bench/apps/frappe/frappe/model/document.py", line 1330, in _submit
    return self.save()
  File "/workspace/frappe-bench/apps/frappe/frappe/model/document.py", line 557, in save
    return self._save(*args, **kwargs)
  File "/workspace/frappe-bench/apps/frappe/frappe/model/document.py", line 579, in _save
    return self.insert()
  File "/workspace/frappe-bench/apps/frappe/frappe/model/document.py", line 513, in insert
    self.run_post_save_methods()
  File "/workspace/frappe-bench/apps/frappe/frappe/model/document.py", line 1456, in run_post_save_methods
    self.run_method("on_update")
  File "/workspace/frappe-bench/apps/frappe/frappe/model/document.py", line 1260, in run_method
    out = Document.hook(fn)(self, *args, **kwargs)
  File "/workspace/frappe-bench/apps/frappe/frappe/model/document.py", line 1661, in composer
    return composed(self, method, *args, **kwargs)
  File "/workspace/frappe-bench/apps/frappe/frappe/model/document.py", line 1635, in runner
    add_to_return_value(self, fn(self, *args, **kwargs))
  File "/workspace/frappe-bench/apps/frappe/frappe/model/document.py", line 1257, in fn
    return method_object(*args, **kwargs)
  File "/workspace/frappe-bench/apps/erpnext/erpnext/accounts/doctype/payment_ledger_entry/payment_ledger_entry.py", line 174, in on_update
    update_voucher_outstanding(
  File "/workspace/frappe-bench/apps/erpnext/erpnext/accounts/utils.py", line 2167, in update_voucher_outstanding
    voucher_outstanding = ple_query.get_voucher_outstandings(vouchers, common_filter=common_filter)
  File "/workspace/frappe-bench/apps/erpnext/erpnext/accounts/utils.py", line 2487, in get_voucher_outstandings
    self.query_for_outstanding()
  File "/workspace/frappe-bench/apps/erpnext/erpnext/accounts/utils.py", line 2450, in query_for_outstanding
    self.voucher_outstandings = self.cte_query_voucher_amount_and_outstanding.run(as_dict=True)
  File "/workspace/frappe-bench/apps/frappe/frappe/query_builder/utils.py", line 139, in execute_query
    result = frappe.local.db.sql(query, params, *args, **kwargs)  # nosemgrep
  File "/workspace/frappe-bench/apps/frappe/frappe/database/postgres/database.py", line 234, in sql
    return super().sql(modify_query(query), modify_values(values), *args, **kwargs)
  File "/workspace/frappe-bench/apps/frappe/frappe/database/database.py", line 294, in sql
    traceback.print_stack()
Error in query:
column "tabPayment Ledger Entry.account" must appear in the GROUP BY clause or be used in an aggregate function
LINE 1: WITH vouchers AS (SELECT "account","voucher_type","voucher_n...
                                 ^

  File "/workspace/frappe-bench/generate_run.py", line 406, in <module>
    pr.insert(ignore_permissions=True)
  File "/workspace/frappe-bench/apps/frappe/frappe/model/document.py", line 486, in insert
    self.run_before_save_methods()
  File "/workspace/frappe-bench/apps/frappe/frappe/model/document.py", line 1411, in run_before_save_methods
    self.run_method("validate")
  File "/workspace/frappe-bench/apps/frappe/frappe/model/document.py", line 1260, in run_method
    out = Document.hook(fn)(self, *args, **kwargs)
  File "/workspace/frappe-bench/apps/frappe/frappe/model/document.py", line 1661, in composer
    return composed(self, method, *args, **kwargs)
  File "/workspace/frappe-bench/apps/frappe/frappe/model/document.py", line 1635, in runner
    add_to_return_value(self, fn(self, *args, **kwargs))
  File "/workspace/frappe-bench/apps/frappe/frappe/model/document.py", line 1257, in fn
    return method_object(*args, **kwargs)
  File "/workspace/frappe-bench/apps/erpnext/erpnext/stock/doctype/purchase_receipt/purchase_receipt.py", line 255, in validate
    super().validate()
  File "/workspace/frappe-bench/apps/erpnext/erpnext/controllers/buying_controller.py", line 67, in validate
    self.set_landed_cost_voucher_amount()
  File "/workspace/frappe-bench/apps/erpnext/erpnext/controllers/stock_controller.py", line 1225, in set_landed_cost_voucher_amount
    lc_voucher_data = query.run(as_list=True)
  File "/workspace/frappe-bench/apps/frappe/frappe/query_builder/utils.py", line 139, in execute_query
    result = frappe.local.db.sql(query, params, *args, **kwargs)  # nosemgrep
  File "/workspace/frappe-bench/apps/frappe/frappe/database/postgres/database.py", line 234, in sql
    return super().sql(modify_query(query), modify_values(values), *args, **kwargs)
  File "/workspace/frappe-bench/apps/frappe/frappe/database/database.py", line 294, in sql
    traceback.print_stack()
Error in query:
column "tabLanded Cost Item.cost_center" must appear in the GROUP BY clause or be used in an aggregate function
LINE 1: SELECT SUM("applicable_charges"),"cost_center" FROM "tabLand...
                                         ^

  File "/workspace/frappe-bench/generate_run.py", line 503, in <module>
    se.submit()
  File "/workspace/frappe-bench/apps/frappe/frappe/utils/typing_validations.py", line 36, in wrapper
    return func(*args, **kwargs)
  File "/workspace/frappe-bench/apps/frappe/frappe/model/document.py", line 1349, in submit
    return self._submit()
  File "/workspace/frappe-bench/apps/frappe/frappe/model/document.py", line 1330, in _submit
    return self.save()
  File "/workspace/frappe-bench/apps/frappe/frappe/model/document.py", line 557, in save
    return self._save(*args, **kwargs)
  File "/workspace/frappe-bench/apps/frappe/frappe/model/document.py", line 612, in _save
    self.run_post_save_methods()
  File "/workspace/frappe-bench/apps/frappe/frappe/model/document.py", line 1457, in run_post_save_methods
    self.run_method("on_submit")
  File "/workspace/frappe-bench/apps/frappe/frappe/model/document.py", line 1260, in run_method
    out = Document.hook(fn)(self, *args, **kwargs)
  File "/workspace/frappe-bench/apps/frappe/frappe/model/document.py", line 1661, in composer
    return composed(self, method, *args, **kwargs)
  File "/workspace/frappe-bench/apps/frappe/frappe/model/document.py", line 1635, in runner
    add_to_return_value(self, fn(self, *args, **kwargs))
  File "/workspace/frappe-bench/apps/frappe/frappe/model/document.py", line 1257, in fn
    return method_object(*args, **kwargs)
  File "/workspace/frappe-bench/apps/erpnext/erpnext/stock/doctype/stock_entry/stock_entry.py", line 572, in on_submit
    self.update_stock_ledger()
  File "/workspace/frappe-bench/apps/erpnext/erpnext/stock/doctype/stock_entry/stock_entry.py", line 2227, in update_stock_ledger
    self.make_sl_entries(
  File "/workspace/frappe-bench/apps/erpnext/erpnext/controllers/stock_controller.py", line 1431, in make_sl_entries
    make_sl_entries(sl_entries, allow_negative_stock, via_landed_cost_voucher)
  File "/workspace/frappe-bench/apps/erpnext/erpnext/stock/stock_ledger.py", line 98, in make_sl_entries
    validate_stock_frozen_by_closing_entry(sl_entries)
  File "/workspace/frappe-bench/apps/erpnext/erpnext/stock/stock_ledger.py", line 67, in validate_stock_frozen_by_closing_entry
    closing_entry = get_closing_entry_for_closed_period(company)
  File "/workspace/frappe-bench/apps/erpnext/erpnext/stock/doctype/stock_closing_entry/stock_closing_entry.py", line 30, in get_closing_entry_for_closed_period
    closed_upto = frappe.db.get_value(
  File "/workspace/frappe-bench/apps/frappe/frappe/database/database.py", line 564, in get_value
    result = self.get_values(
  File "/workspace/frappe-bench/apps/frappe/frappe/database/database.py", line 680, in get_values
    out = query.run(as_dict=as_dict, debug=debug, update=update, run=run, pluck=pluck)
  File "/workspace/frappe-bench/apps/frappe/frappe/query_builder/utils.py", line 139, in execute_query
    result = frappe.local.db.sql(query, params, *args, **kwargs)  # nosemgrep
  File "/workspace/frappe-bench/apps/frappe/frappe/database/postgres/database.py", line 234, in sql
    return super().sql(modify_query(query), modify_values(values), *args, **kwargs)
  File "/workspace/frappe-bench/apps/frappe/frappe/database/database.py", line 294, in sql
    traceback.print_stack()
Error in query:
column "tabPeriod Closing Voucher.creation" must appear in the GROUP BY clause or be used in an aggregate function
LINE 1: ... AND "company"='Ultra MRF Warehouse Dau' ORDER BY "creation"...
                                                             ^

  File "/workspace/frappe-bench/generate_run.py", line 307, in <module>
    sinv.submit()
  File "/workspace/frappe-bench/apps/frappe/frappe/utils/typing_validations.py", line 36, in wrapper
    return func(*args, **kwargs)
  File "/workspace/frappe-bench/apps/frappe/frappe/model/document.py", line 1349, in submit
    return self._submit()
  File "/workspace/frappe-bench/apps/frappe/frappe/model/document.py", line 1330, in _submit
    return self.save()
  File "/workspace/frappe-bench/apps/frappe/frappe/model/document.py", line 557, in save
    return self._save(*args, **kwargs)
  File "/workspace/frappe-bench/apps/frappe/frappe/model/document.py", line 612, in _save
    self.run_post_save_methods()
  File "/workspace/frappe-bench/apps/frappe/frappe/model/document.py", line 1457, in run_post_save_methods
    self.run_method("on_submit")
  File "/workspace/frappe-bench/apps/frappe/frappe/model/document.py", line 1260, in run_method
    out = Document.hook(fn)(self, *args, **kwargs)
  File "/workspace/frappe-bench/apps/frappe/frappe/model/document.py", line 1661, in composer
    return composed(self, method, *args, **kwargs)
  File "/workspace/frappe-bench/apps/frappe/frappe/model/document.py", line 1635, in runner
    add_to_return_value(self, fn(self, *args, **kwargs))
  File "/workspace/frappe-bench/apps/frappe/frappe/model/document.py", line 1257, in fn
    return method_object(*args, **kwargs)
  File "/workspace/frappe-bench/apps/erpnext/erpnext/accounts/doctype/sales_invoice/sales_invoice.py", line 510, in on_submit
    self.make_gl_entries()
  File "/workspace/frappe-bench/apps/erpnext/erpnext/accounts/doctype/sales_invoice/sales_invoice.py", line 1607, in make_gl_entries
    make_gl_entries(
  File "/workspace/frappe-bench/apps/erpnext/erpnext/accounts/general_ledger.py", line 53, in make_gl_entries
    create_payment_ledger_entry(
  File "/workspace/frappe-bench/apps/erpnext/erpnext/accounts/utils.py", line 2138, in create_payment_ledger_entry
    ple.submit()
  File "/workspace/frappe-bench/apps/frappe/frappe/utils/typing_validations.py", line 36, in wrapper
    return func(*args, **kwargs)
  File "/workspace/frappe-bench/apps/frappe/frappe/model/document.py", line 1349, in submit
    return self._submit()
  File "/workspace/frappe-bench/apps/frappe/frappe/model/document.py", line 1330, in _submit
    return self.save()
  File "/workspace/frappe-bench/apps/frappe/frappe/model/document.py", line 557, in save
    return self._save(*args, **kwargs)
  File "/workspace/frappe-bench/apps/frappe/frappe/model/document.py", line 579, in _save
    return self.insert()
  File "/workspace/frappe-bench/apps/frappe/frappe/model/document.py", line 513, in insert
    self.run_post_save_methods()
  File "/workspace/frappe-bench/apps/frappe/frappe/model/document.py", line 1456, in run_post_save_methods
    self.run_method("on_update")
  File "/workspace/frappe-bench/apps/frappe/frappe/model/document.py", line 1260, in run_method
    out = Document.hook(fn)(self, *args, **kwargs)
  File "/workspace/frappe-bench/apps/frappe/frappe/model/document.py", line 1661, in composer
    return composed(self, method, *args, **kwargs)
  File "/workspace/frappe-bench/apps/frappe/frappe/model/document.py", line 1635, in runner
    add_to_return_value(self, fn(self, *args, **kwargs))
  File "/workspace/frappe-bench/apps/frappe/frappe/model/document.py", line 1257, in fn
    return method_object(*args, **kwargs)
  File "/workspace/frappe-bench/apps/erpnext/erpnext/accounts/doctype/payment_ledger_entry/payment_ledger_entry.py", line 174, in on_update
    update_voucher_outstanding(
  File "/workspace/frappe-bench/apps/erpnext/erpnext/accounts/utils.py", line 2167, in update_voucher_outstanding
    voucher_outstanding = ple_query.get_voucher_outstandings(vouchers, common_filter=common_filter)
  File "/workspace/frappe-bench/apps/erpnext/erpnext/accounts/utils.py", line 2487, in get_voucher_outstandings
    self.query_for_outstanding()
  File "/workspace/frappe-bench/apps/erpnext/erpnext/accounts/utils.py", line 2450, in query_for_outstanding
    self.voucher_outstandings = self.cte_query_voucher_amount_and_outstanding.run(as_dict=True)
  File "/workspace/frappe-bench/apps/frappe/frappe/query_builder/utils.py", line 139, in execute_query
    result = frappe.local.db.sql(query, params, *args, **kwargs)  # nosemgrep
  File "/workspace/frappe-bench/apps/frappe/frappe/database/postgres/database.py", line 234, in sql
    return super().sql(modify_query(query), modify_values(values), *args, **kwargs)
  File "/workspace/frappe-bench/apps/frappe/frappe/database/database.py", line 294, in sql
    traceback.print_stack()
Error in query:
column "tabPayment Ledger Entry.account" must appear in the GROUP BY clause or be used in an aggregate function
LINE 1: WITH vouchers AS (SELECT "account","voucher_type","voucher_n...
                                 ^

  File "/workspace/frappe-bench/generate_run.py", line 406, in <module>
    pr.insert(ignore_permissions=True)
  File "/workspace/frappe-bench/apps/frappe/frappe/model/document.py", line 486, in insert
    self.run_before_save_methods()
  File "/workspace/frappe-bench/apps/frappe/frappe/model/document.py", line 1411, in run_before_save_methods
    self.run_method("validate")
  File "/workspace/frappe-bench/apps/frappe/frappe/model/document.py", line 1260, in run_method
    out = Document.hook(fn)(self, *args, **kwargs)
  File "/workspace/frappe-bench/apps/frappe/frappe/model/document.py", line 1661, in composer
    return composed(self, method, *args, **kwargs)
  File "/workspace/frappe-bench/apps/frappe/frappe/model/document.py", line 1635, in runner
    add_to_return_value(self, fn(self, *args, **kwargs))
  File "/workspace/frappe-bench/apps/frappe/frappe/model/document.py", line 1257, in fn
    return method_object(*args, **kwargs)
  File "/workspace/frappe-bench/apps/erpnext/erpnext/stock/doctype/purchase_receipt/purchase_receipt.py", line 255, in validate
    super().validate()
  File "/workspace/frappe-bench/apps/erpnext/erpnext/controllers/buying_controller.py", line 67, in validate
    self.set_landed_cost_voucher_amount()
  File "/workspace/frappe-bench/apps/erpnext/erpnext/controllers/stock_controller.py", line 1225, in set_landed_cost_voucher_amount
    lc_voucher_data = query.run(as_list=True)
  File "/workspace/frappe-bench/apps/frappe/frappe/query_builder/utils.py", line 139, in execute_query
    result = frappe.local.db.sql(query, params, *args, **kwargs)  # nosemgrep
  File "/workspace/frappe-bench/apps/frappe/frappe/database/postgres/database.py", line 234, in sql
    return super().sql(modify_query(query), modify_values(values), *args, **kwargs)
  File "/workspace/frappe-bench/apps/frappe/frappe/database/database.py", line 294, in sql
    traceback.print_stack()
Error in query:
column "tabLanded Cost Item.cost_center" must appear in the GROUP BY clause or be used in an aggregate function
LINE 1: SELECT SUM("applicable_charges"),"cost_center" FROM "tabLand...
                                         ^

  File "/workspace/frappe-bench/generate_run.py", line 503, in <module>
    se.submit()
  File "/workspace/frappe-bench/apps/frappe/frappe/utils/typing_validations.py", line 36, in wrapper
    return func(*args, **kwargs)
  File "/workspace/frappe-bench/apps/frappe/frappe/model/document.py", line 1349, in submit
    return self._submit()
  File "/workspace/frappe-bench/apps/frappe/frappe/model/document.py", line 1330, in _submit
    return self.save()
  File "/workspace/frappe-bench/apps/frappe/frappe/model/document.py", line 557, in save
    return self._save(*args, **kwargs)
  File "/workspace/frappe-bench/apps/frappe/frappe/model/document.py", line 612, in _save
    self.run_post_save_methods()
  File "/workspace/frappe-bench/apps/frappe/frappe/model/document.py", line 1457, in run_post_save_methods
    self.run_method("on_submit")
  File "/workspace/frappe-bench/apps/frappe/frappe/model/document.py", line 1260, in run_method
    out = Document.hook(fn)(self, *args, **kwargs)
  File "/workspace/frappe-bench/apps/frappe/frappe/model/document.py", line 1661, in composer
    return composed(self, method, *args, **kwargs)
  File "/workspace/frappe-bench/apps/frappe/frappe/model/document.py", line 1635, in runner
    add_to_return_value(self, fn(self, *args, **kwargs))
  File "/workspace/frappe-bench/apps/frappe/frappe/model/document.py", line 1257, in fn
    return method_object(*args, **kwargs)
  File "/workspace/frappe-bench/apps/erpnext/erpnext/stock/doctype/stock_entry/stock_entry.py", line 572, in on_submit
    self.update_stock_ledger()
  File "/workspace/frappe-bench/apps/erpnext/erpnext/stock/doctype/stock_entry/stock_entry.py", line 2227, in update_stock_ledger
    self.make_sl_entries(
  File "/workspace/frappe-bench/apps/erpnext/erpnext/controllers/stock_controller.py", line 1431, in make_sl_entries
    make_sl_entries(sl_entries, allow_negative_stock, via_landed_cost_voucher)
  File "/workspace/frappe-bench/apps/erpnext/erpnext/stock/stock_ledger.py", line 98, in make_sl_entries
    validate_stock_frozen_by_closing_entry(sl_entries)
  File "/workspace/frappe-bench/apps/erpnext/erpnext/stock/stock_ledger.py", line 67, in validate_stock_frozen_by_closing_entry
    closing_entry = get_closing_entry_for_closed_period(company)
  File "/workspace/frappe-bench/apps/erpnext/erpnext/stock/doctype/stock_closing_entry/stock_closing_entry.py", line 30, in get_closing_entry_for_closed_period
    closed_upto = frappe.db.get_value(
  File "/workspace/frappe-bench/apps/frappe/frappe/database/database.py", line 564, in get_value
    result = self.get_values(
  File "/workspace/frappe-bench/apps/frappe/frappe/database/database.py", line 680, in get_values
    out = query.run(as_dict=as_dict, debug=debug, update=update, run=run, pluck=pluck)
  File "/workspace/frappe-bench/apps/frappe/frappe/query_builder/utils.py", line 139, in execute_query
    result = frappe.local.db.sql(query, params, *args, **kwargs)  # nosemgrep
  File "/workspace/frappe-bench/apps/frappe/frappe/database/postgres/database.py", line 234, in sql
    return super().sql(modify_query(query), modify_values(values), *args, **kwargs)
  File "/workspace/frappe-bench/apps/frappe/frappe/database/database.py", line 294, in sql
    traceback.print_stack()
Error in query:
column "tabPeriod Closing Voucher.creation" must appear in the GROUP BY clause or be used in an aggregate function
LINE 1: ...' AND "company"='San Fernando Warehouse' ORDER BY "creation"...
                                                             ^

  File "/workspace/frappe-bench/generate_run.py", line 307, in <module>
    sinv.submit()
  File "/workspace/frappe-bench/apps/frappe/frappe/utils/typing_validations.py", line 36, in wrapper
    return func(*args, **kwargs)
  File "/workspace/frappe-bench/apps/frappe/frappe/model/document.py", line 1349, in submit
    return self._submit()
  File "/workspace/frappe-bench/apps/frappe/frappe/model/document.py", line 1330, in _submit
    return self.save()
  File "/workspace/frappe-bench/apps/frappe/frappe/model/document.py", line 557, in save
    return self._save(*args, **kwargs)
  File "/workspace/frappe-bench/apps/frappe/frappe/model/document.py", line 612, in _save
    self.run_post_save_methods()
  File "/workspace/frappe-bench/apps/frappe/frappe/model/document.py", line 1457, in run_post_save_methods
    self.run_method("on_submit")
  File "/workspace/frappe-bench/apps/frappe/frappe/model/document.py", line 1260, in run_method
    out = Document.hook(fn)(self, *args, **kwargs)
  File "/workspace/frappe-bench/apps/frappe/frappe/model/document.py", line 1661, in composer
    return composed(self, method, *args, **kwargs)
  File "/workspace/frappe-bench/apps/frappe/frappe/model/document.py", line 1635, in runner
    add_to_return_value(self, fn(self, *args, **kwargs))
  File "/workspace/frappe-bench/apps/frappe/frappe/model/document.py", line 1257, in fn
    return method_object(*args, **kwargs)
  File "/workspace/frappe-bench/apps/erpnext/erpnext/accounts/doctype/sales_invoice/sales_invoice.py", line 510, in on_submit
    self.make_gl_entries()
  File "/workspace/frappe-bench/apps/erpnext/erpnext/accounts/doctype/sales_invoice/sales_invoice.py", line 1607, in make_gl_entries
    make_gl_entries(
  File "/workspace/frappe-bench/apps/erpnext/erpnext/accounts/general_ledger.py", line 53, in make_gl_entries
    create_payment_ledger_entry(
  File "/workspace/frappe-bench/apps/erpnext/erpnext/accounts/utils.py", line 2138, in create_payment_ledger_entry
    ple.submit()
  File "/workspace/frappe-bench/apps/frappe/frappe/utils/typing_validations.py", line 36, in wrapper
    return func(*args, **kwargs)
  File "/workspace/frappe-bench/apps/frappe/frappe/model/document.py", line 1349, in submit
    return self._submit()
  File "/workspace/frappe-bench/apps/frappe/frappe/model/document.py", line 1330, in _submit
    return self.save()
  File "/workspace/frappe-bench/apps/frappe/frappe/model/document.py", line 557, in save
    return self._save(*args, **kwargs)
  File "/workspace/frappe-bench/apps/frappe/frappe/model/document.py", line 579, in _save
    return self.insert()
  File "/workspace/frappe-bench/apps/frappe/frappe/model/document.py", line 513, in insert
    self.run_post_save_methods()
  File "/workspace/frappe-bench/apps/frappe/frappe/model/document.py", line 1456, in run_post_save_methods
    self.run_method("on_update")
  File "/workspace/frappe-bench/apps/frappe/frappe/model/document.py", line 1260, in run_method
    out = Document.hook(fn)(self, *args, **kwargs)
  File "/workspace/frappe-bench/apps/frappe/frappe/model/document.py", line 1661, in composer
    return composed(self, method, *args, **kwargs)
  File "/workspace/frappe-bench/apps/frappe/frappe/model/document.py", line 1635, in runner
    add_to_return_value(self, fn(self, *args, **kwargs))
  File "/workspace/frappe-bench/apps/frappe/frappe/model/document.py", line 1257, in fn
    return method_object(*args, **kwargs)
  File "/workspace/frappe-bench/apps/erpnext/erpnext/accounts/doctype/payment_ledger_entry/payment_ledger_entry.py", line 174, in on_update
    update_voucher_outstanding(
  File "/workspace/frappe-bench/apps/erpnext/erpnext/accounts/utils.py", line 2167, in update_voucher_outstanding
    voucher_outstanding = ple_query.get_voucher_outstandings(vouchers, common_filter=common_filter)
  File "/workspace/frappe-bench/apps/erpnext/erpnext/accounts/utils.py", line 2487, in get_voucher_outstandings
    self.query_for_outstanding()
  File "/workspace/frappe-bench/apps/erpnext/erpnext/accounts/utils.py", line 2450, in query_for_outstanding
    self.voucher_outstandings = self.cte_query_voucher_amount_and_outstanding.run(as_dict=True)
  File "/workspace/frappe-bench/apps/frappe/frappe/query_builder/utils.py", line 139, in execute_query
    result = frappe.local.db.sql(query, params, *args, **kwargs)  # nosemgrep
  File "/workspace/frappe-bench/apps/frappe/frappe/database/postgres/database.py", line 234, in sql
    return super().sql(modify_query(query), modify_values(values), *args, **kwargs)
  File "/workspace/frappe-bench/apps/frappe/frappe/database/database.py", line 294, in sql
    traceback.print_stack()
Error in query:
column "tabPayment Ledger Entry.account" must appear in the GROUP BY clause or be used in an aggregate function
LINE 1: WITH vouchers AS (SELECT "account","voucher_type","voucher_n...
                                 ^

  File "/workspace/frappe-bench/generate_run.py", line 406, in <module>
    pr.insert(ignore_permissions=True)
  File "/workspace/frappe-bench/apps/frappe/frappe/model/document.py", line 486, in insert
    self.run_before_save_methods()
  File "/workspace/frappe-bench/apps/frappe/frappe/model/document.py", line 1411, in run_before_save_methods
    self.run_method("validate")
  File "/workspace/frappe-bench/apps/frappe/frappe/model/document.py", line 1260, in run_method
    out = Document.hook(fn)(self, *args, **kwargs)
  File "/workspace/frappe-bench/apps/frappe/frappe/model/document.py", line 1661, in composer
    return composed(self, method, *args, **kwargs)
  File "/workspace/frappe-bench/apps/frappe/frappe/model/document.py", line 1635, in runner
    add_to_return_value(self, fn(self, *args, **kwargs))
  File "/workspace/frappe-bench/apps/frappe/frappe/model/document.py", line 1257, in fn
    return method_object(*args, **kwargs)
  File "/workspace/frappe-bench/apps/erpnext/erpnext/stock/doctype/purchase_receipt/purchase_receipt.py", line 255, in validate
    super().validate()
  File "/workspace/frappe-bench/apps/erpnext/erpnext/controllers/buying_controller.py", line 67, in validate
    self.set_landed_cost_voucher_amount()
  File "/workspace/frappe-bench/apps/erpnext/erpnext/controllers/stock_controller.py", line 1225, in set_landed_cost_voucher_amount
    lc_voucher_data = query.run(as_list=True)
  File "/workspace/frappe-bench/apps/frappe/frappe/query_builder/utils.py", line 139, in execute_query
    result = frappe.local.db.sql(query, params, *args, **kwargs)  # nosemgrep
  File "/workspace/frappe-bench/apps/frappe/frappe/database/postgres/database.py", line 234, in sql
    return super().sql(modify_query(query), modify_values(values), *args, **kwargs)
  File "/workspace/frappe-bench/apps/frappe/frappe/database/database.py", line 294, in sql
    traceback.print_stack()
Error in query:
column "tabLanded Cost Item.cost_center" must appear in the GROUP BY clause or be used in an aggregate function
LINE 1: SELECT SUM("applicable_charges"),"cost_center" FROM "tabLand...
                                         ^

  File "/workspace/frappe-bench/generate_run.py", line 503, in <module>
    se.submit()
  File "/workspace/frappe-bench/apps/frappe/frappe/utils/typing_validations.py", line 36, in wrapper
    return func(*args, **kwargs)
  File "/workspace/frappe-bench/apps/frappe/frappe/model/document.py", line 1349, in submit
    return self._submit()
  File "/workspace/frappe-bench/apps/frappe/frappe/model/document.py", line 1330, in _submit
    return self.save()
  File "/workspace/frappe-bench/apps/frappe/frappe/model/document.py", line 557, in save
    return self._save(*args, **kwargs)
  File "/workspace/frappe-bench/apps/frappe/frappe/model/document.py", line 612, in _save
    self.run_post_save_methods()
  File "/workspace/frappe-bench/apps/frappe/frappe/model/document.py", line 1457, in run_post_save_methods
    self.run_method("on_submit")
  File "/workspace/frappe-bench/apps/frappe/frappe/model/document.py", line 1260, in run_method
    out = Document.hook(fn)(self, *args, **kwargs)
  File "/workspace/frappe-bench/apps/frappe/frappe/model/document.py", line 1661, in composer
    return composed(self, method, *args, **kwargs)
  File "/workspace/frappe-bench/apps/frappe/frappe/model/document.py", line 1635, in runner
    add_to_return_value(self, fn(self, *args, **kwargs))
  File "/workspace/frappe-bench/apps/frappe/frappe/model/document.py", line 1257, in fn
    return method_object(*args, **kwargs)
  File "/workspace/frappe-bench/apps/erpnext/erpnext/stock/doctype/stock_entry/stock_entry.py", line 572, in on_submit
    self.update_stock_ledger()
  File "/workspace/frappe-bench/apps/erpnext/erpnext/stock/doctype/stock_entry/stock_entry.py", line 2227, in update_stock_ledger
    self.make_sl_entries(
  File "/workspace/frappe-bench/apps/erpnext/erpnext/controllers/stock_controller.py", line 1431, in make_sl_entries
    make_sl_entries(sl_entries, allow_negative_stock, via_landed_cost_voucher)
  File "/workspace/frappe-bench/apps/erpnext/erpnext/stock/stock_ledger.py", line 98, in make_sl_entries
    validate_stock_frozen_by_closing_entry(sl_entries)
  File "/workspace/frappe-bench/apps/erpnext/erpnext/stock/stock_ledger.py", line 67, in validate_stock_frozen_by_closing_entry
    closing_entry = get_closing_entry_for_closed_period(company)
  File "/workspace/frappe-bench/apps/erpnext/erpnext/stock/doctype/stock_closing_entry/stock_closing_entry.py", line 30, in get_closing_entry_for_closed_period
    closed_upto = frappe.db.get_value(
  File "/workspace/frappe-bench/apps/frappe/frappe/database/database.py", line 564, in get_value
    result = self.get_values(
  File "/workspace/frappe-bench/apps/frappe/frappe/database/database.py", line 680, in get_values
    out = query.run(as_dict=as_dict, debug=debug, update=update, run=run, pluck=pluck)
  File "/workspace/frappe-bench/apps/frappe/frappe/query_builder/utils.py", line 139, in execute_query
    result = frappe.local.db.sql(query, params, *args, **kwargs)  # nosemgrep
  File "/workspace/frappe-bench/apps/frappe/frappe/database/postgres/database.py", line 234, in sql
    return super().sql(modify_query(query), modify_values(values), *args, **kwargs)
  File "/workspace/frappe-bench/apps/frappe/frappe/database/database.py", line 294, in sql
    traceback.print_stack()
Error in query:
column "tabPeriod Closing Voucher.creation" must appear in the GROUP BY clause or be used in an aggregate function
LINE 1: ...D "company"='Ultra MRF Mexico Warehouse' ORDER BY "creation"...
                                                             ^

======================================================================
  EXECUTING COMPREHENSIVE MULTI-MODULE TRANSACTION GENERATION
======================================================================

----------------------------------------------------------------------
  PROCESSING TRANSACTIONS PER COMPANY & BRANCH
----------------------------------------------------------------------

[Ultra MRF Dau Main] (Cost Center: Main - UMDM | Warehouse: Stores - UMDM)
  ! O2C Error in Ultra MRF Dau Main: column "tabPayment Ledger Entry.account" must appear in the GROUP BY clause or be used in an aggregate function
LINE 1: WITH vouchers AS (SELECT "account","voucher_type","voucher_n...
                                 ^

  ! P2P Error in Ultra MRF Dau Main: column "tabLanded Cost Item.cost_center" must appear in the GROUP BY clause or be used in an aggregate function
LINE 1: SELECT SUM("applicable_charges"),"cost_center" FROM "tabLand...
                                         ^

  ! Stock Entry Error in Ultra MRF Dau Main: column "tabPeriod Closing Voucher.creation" must appear in the GROUP BY clause or be used in an aggregate function
LINE 1: ...= '1' AND "company"='Ultra MRF Dau Main' ORDER BY "creation"...
                                                             ^


[Ultra MRF Dau Annex] (Cost Center: Main - UMDA | Warehouse: Stores - UMDA)
  ! O2C Error in Ultra MRF Dau Annex: column "tabPayment Ledger Entry.account" must appear in the GROUP BY clause or be used in an aggregate function
LINE 1: WITH vouchers AS (SELECT "account","voucher_type","voucher_n...
                                 ^

  ! P2P Error in Ultra MRF Dau Annex: column "tabLanded Cost Item.cost_center" must appear in the GROUP BY clause or be used in an aggregate function
LINE 1: SELECT SUM("applicable_charges"),"cost_center" FROM "tabLand...
                                         ^

  ! Stock Entry Error in Ultra MRF Dau Annex: column "tabPeriod Closing Voucher.creation" must appear in the GROUP BY clause or be used in an aggregate function
LINE 1: ... '1' AND "company"='Ultra MRF Dau Annex' ORDER BY "creation"...
                                                             ^


[Ultra MRF San Fernando] (Cost Center: Main - UMSF | Warehouse: Stores - UMSF)
  ! O2C Error in Ultra MRF San Fernando: column "tabPayment Ledger Entry.account" must appear in the GROUP BY clause or be used in an aggregate function
LINE 1: WITH vouchers AS (SELECT "account","voucher_type","voucher_n...
                                 ^

  ! P2P Error in Ultra MRF San Fernando: column "tabLanded Cost Item.cost_center" must appear in the GROUP BY clause or be used in an aggregate function
LINE 1: SELECT SUM("applicable_charges"),"cost_center" FROM "tabLand...
                                         ^

  ! Stock Entry Error in Ultra MRF San Fernando: column "tabPeriod Closing Voucher.creation" must appear in the GROUP BY clause or be used in an aggregate function
LINE 1: ...' AND "company"='Ultra MRF San Fernando' ORDER BY "creation"...
                                                             ^


[Wheel Core] (Cost Center: Main - WCORE | Warehouse: Stores - WCORE)
  ! O2C Error in Wheel Core: column "tabPayment Ledger Entry.account" must appear in the GROUP BY clause or be used in an aggregate function
LINE 1: WITH vouchers AS (SELECT "account","voucher_type","voucher_n...
                                 ^

  ! P2P Error in Wheel Core: column "tabLanded Cost Item.cost_center" must appear in the GROUP BY clause or be used in an aggregate function
LINE 1: SELECT SUM("applicable_charges"),"cost_center" FROM "tabLand...
                                         ^

  ! Stock Entry Error in Wheel Core: column "tabPeriod Closing Voucher.creation" must appear in the GROUP BY clause or be used in an aggregate function
LINE 1: ...cstatus"= '1' AND "company"='Wheel Core' ORDER BY "creation"...
                                                             ^


[Ultra MRF Telebastagan] (Cost Center: Main - UMTEL | Warehouse: Stores - UMTEL)
  ! O2C Error in Ultra MRF Telebastagan: column "tabPayment Ledger Entry.account" must appear in the GROUP BY clause or be used in an aggregate function
LINE 1: WITH vouchers AS (SELECT "account","voucher_type","voucher_n...
                                 ^

  ! P2P Error in Ultra MRF Telebastagan: column "tabLanded Cost Item.cost_center" must appear in the GROUP BY clause or be used in an aggregate function
LINE 1: SELECT SUM("applicable_charges"),"cost_center" FROM "tabLand...
                                         ^

  ! Stock Entry Error in Ultra MRF Telebastagan: column "tabPeriod Closing Voucher.creation" must appear in the GROUP BY clause or be used in an aggregate function
LINE 1: ...' AND "company"='Ultra MRF Telebastagan' ORDER BY "creation"...
                                                             ^


[Automan Car Care Center] (Cost Center: Main - AUTOMAN | Warehouse: Stores - AUTOMAN)
  ! O2C Error in Automan Car Care Center: column "tabPayment Ledger Entry.account" must appear in the GROUP BY clause or be used in an aggregate function
LINE 1: WITH vouchers AS (SELECT "account","voucher_type","voucher_n...
                                 ^

  ! P2P Error in Automan Car Care Center: column "tabLanded Cost Item.cost_center" must appear in the GROUP BY clause or be used in an aggregate function
LINE 1: SELECT SUM("applicable_charges"),"cost_center" FROM "tabLand...
                                         ^

  ! Stock Entry Error in Automan Car Care Center: column "tabPeriod Closing Voucher.creation" must appear in the GROUP BY clause or be used in an aggregate function
LINE 1: ... AND "company"='Automan Car Care Center' ORDER BY "creation"...
                                                             ^


[The Wheelhub] (Cost Center: Main - WHUB | Warehouse: Stores - WHUB)
  ! O2C Error in The Wheelhub: column "tabPayment Ledger Entry.account" must appear in the GROUP BY clause or be used in an aggregate function
LINE 1: WITH vouchers AS (SELECT "account","voucher_type","voucher_n...
                                 ^

  ! P2P Error in The Wheelhub: column "tabLanded Cost Item.cost_center" must appear in the GROUP BY clause or be used in an aggregate function
LINE 1: SELECT SUM("applicable_charges"),"cost_center" FROM "tabLand...
                                         ^

  ! Stock Entry Error in The Wheelhub: column "tabPeriod Closing Voucher.creation" must appear in the GROUP BY clause or be used in an aggregate function
LINE 1: ...tatus"= '1' AND "company"='The Wheelhub' ORDER BY "creation"...
                                                             ^


[ULTRA MRF] (Cost Center: Main - UM | Warehouse: Stores - UM)
  ! O2C Error in ULTRA MRF: column "tabPayment Ledger Entry.account" must appear in the GROUP BY clause or be used in an aggregate function
LINE 1: WITH vouchers AS (SELECT "account","voucher_type","voucher_n...
                                 ^

  ! P2P Error in ULTRA MRF: column "tabLanded Cost Item.cost_center" must appear in the GROUP BY clause or be used in an aggregate function
LINE 1: SELECT SUM("applicable_charges"),"cost_center" FROM "tabLand...
                                         ^

  ! Stock Entry Error in ULTRA MRF: column "tabPeriod Closing Voucher.creation" must appear in the GROUP BY clause or be used in an aggregate function
LINE 1: ...ocstatus"= '1' AND "company"='ULTRA MRF' ORDER BY "creation"...
                                                             ^


[Ultra MRF Warehouse Dau] (Cost Center: Main - UMDW | Warehouse: Stores - UMDW)
  ! O2C Error in Ultra MRF Warehouse Dau: column "tabPayment Ledger Entry.account" must appear in the GROUP BY clause or be used in an aggregate function
LINE 1: WITH vouchers AS (SELECT "account","voucher_type","voucher_n...
                                 ^

  ! P2P Error in Ultra MRF Warehouse Dau: column "tabLanded Cost Item.cost_center" must appear in the GROUP BY clause or be used in an aggregate function
LINE 1: SELECT SUM("applicable_charges"),"cost_center" FROM "tabLand...
                                         ^

  ! Stock Entry Error in Ultra MRF Warehouse Dau: column "tabPeriod Closing Voucher.creation" must appear in the GROUP BY clause or be used in an aggregate function
LINE 1: ... AND "company"='Ultra MRF Warehouse Dau' ORDER BY "creation"...
                                                             ^


[San Fernando Warehouse] (Cost Center: Main - SFWH | Warehouse: Stores - SFWH)
  ! O2C Error in San Fernando Warehouse: column "tabPayment Ledger Entry.account" must appear in the GROUP BY clause or be used in an aggregate function
LINE 1: WITH vouchers AS (SELECT "account","voucher_type","voucher_n...
                                 ^

  ! P2P Error in San Fernando Warehouse: column "tabLanded Cost Item.cost_center" must appear in the GROUP BY clause or be used in an aggregate function
LINE 1: SELECT SUM("applicable_charges"),"cost_center" FROM "tabLand...
                                         ^

  ! Stock Entry Error in San Fernando Warehouse: column "tabPeriod Closing Voucher.creation" must appear in the GROUP BY clause or be used in an aggregate function
LINE 1: ...' AND "company"='San Fernando Warehouse' ORDER BY "creation"...
                                                             ^


[Ultra MRF Mexico Warehouse] (Cost Center: Main - MEXWH | Warehouse: Stores - MEXWH)
  ! O2C Error in Ultra MRF Mexico Warehouse: column "tabPayment Ledger Entry.account" must appear in the GROUP BY clause or be used in an aggregate function
LINE 1: WITH vouchers AS (SELECT "account","voucher_type","voucher_n...
                                 ^

  ! P2P Error in Ultra MRF Mexico Warehouse: column "tabLanded Cost Item.cost_center" must appear in the GROUP BY clause or be used in an aggregate function
LINE 1: SELECT SUM("applicable_charges"),"cost_center" FROM "tabLand...
                                         ^

  ! Stock Entry Error in Ultra MRF Mexico Warehouse: column "tabPeriod Closing Voucher.creation" must appear in the GROUP BY clause or be used in an aggregate function
LINE 1: ...D "company"='Ultra MRF Mexico Warehouse' ORDER BY "creation"...
                                                             ^


======================================================================
  TRANSACTION EXECUTION COMPLETED:
  - Order-to-Cash (O2C) Full Cycles: 0 branches
  - Procure-to-Pay (P2P) Full Cycles: 0 branches
  - Stock Entries with Bin Dimensions: 0 branches
======================================================================
