  File "/workspace/frappe-bench/generate_run.py", line 308, in <module>
    sinv.submit()
  File "/workspace/frappe-bench/apps/frappe/frappe/utils/typing_validations.py", line 36, in wrapper
    return func(*args, **kwargs)
  File "/workspace/frappe-bench/apps/frappe/frappe/model/document.py", line 1349, in submit
    return self._submit()
  File "/workspace/frappe-bench/apps/frappe/frappe/model/document.py", line 1330, in _submit
    return self.save()
  File "/workspace/frappe-bench/apps/frappe/frappe/model/document.py", line 557, in save
    return self._save(*args, **kwargs)
  File "/workspace/frappe-bench/apps/frappe/frappe/model/document.py", line 612, in _save
    self.run_post_save_methods()
  File "/workspace/frappe-bench/apps/frappe/frappe/model/document.py", line 1457, in run_post_save_methods
    self.run_method("on_submit")
  File "/workspace/frappe-bench/apps/frappe/frappe/model/document.py", line 1260, in run_method
    out = Document.hook(fn)(self, *args, **kwargs)
  File "/workspace/frappe-bench/apps/frappe/frappe/model/document.py", line 1661, in composer
    return composed(self, method, *args, **kwargs)
  File "/workspace/frappe-bench/apps/frappe/frappe/model/document.py", line 1635, in runner
    add_to_return_value(self, fn(self, *args, **kwargs))
  File "/workspace/frappe-bench/apps/frappe/frappe/model/document.py", line 1257, in fn
    return method_object(*args, **kwargs)
  File "/workspace/frappe-bench/apps/erpnext/erpnext/accounts/doctype/sales_invoice/sales_invoice.py", line 510, in on_submit
    self.make_gl_entries()
  File "/workspace/frappe-bench/apps/erpnext/erpnext/accounts/doctype/sales_invoice/sales_invoice.py", line 1607, in make_gl_entries
    make_gl_entries(
  File "/workspace/frappe-bench/apps/erpnext/erpnext/accounts/general_ledger.py", line 53, in make_gl_entries
    create_payment_ledger_entry(
  File "/workspace/frappe-bench/apps/erpnext/erpnext/accounts/utils.py", line 2138, in create_payment_ledger_entry
    ple.submit()
  File "/workspace/frappe-bench/apps/frappe/frappe/utils/typing_validations.py", line 36, in wrapper
    return func(*args, **kwargs)
  File "/workspace/frappe-bench/apps/frappe/frappe/model/document.py", line 1349, in submit
    return self._submit()
  File "/workspace/frappe-bench/apps/frappe/frappe/model/document.py", line 1330, in _submit
    return self.save()
  File "/workspace/frappe-bench/apps/frappe/frappe/model/document.py", line 557, in save
    return self._save(*args, **kwargs)
  File "/workspace/frappe-bench/apps/frappe/frappe/model/document.py", line 579, in _save
    return self.insert()
  File "/workspace/frappe-bench/apps/frappe/frappe/model/document.py", line 513, in insert
    self.run_post_save_methods()
  File "/workspace/frappe-bench/apps/frappe/frappe/model/document.py", line 1456, in run_post_save_methods
    self.run_method("on_update")
  File "/workspace/frappe-bench/apps/frappe/frappe/model/document.py", line 1260, in run_method
    out = Document.hook(fn)(self, *args, **kwargs)
  File "/workspace/frappe-bench/apps/frappe/frappe/model/document.py", line 1661, in composer
    return composed(self, method, *args, **kwargs)
  File "/workspace/frappe-bench/apps/frappe/frappe/model/document.py", line 1635, in runner
    add_to_return_value(self, fn(self, *args, **kwargs))
  File "/workspace/frappe-bench/apps/frappe/frappe/model/document.py", line 1257, in fn
    return method_object(*args, **kwargs)
  File "/workspace/frappe-bench/apps/erpnext/erpnext/accounts/doctype/payment_ledger_entry/payment_ledger_entry.py", line 174, in on_update
    update_voucher_outstanding(
  File "/workspace/frappe-bench/apps/erpnext/erpnext/accounts/utils.py", line 2167, in update_voucher_outstanding
    voucher_outstanding = ple_query.get_voucher_outstandings(vouchers, common_filter=common_filter)
  File "/workspace/frappe-bench/apps/erpnext/erpnext/accounts/utils.py", line 2487, in get_voucher_outstandings
    self.query_for_outstanding()
  File "/workspace/frappe-bench/apps/erpnext/erpnext/accounts/utils.py", line 2450, in query_for_outstanding
    self.voucher_outstandings = self.cte_query_voucher_amount_and_outstanding.run(as_dict=True)
  File "/workspace/frappe-bench/apps/frappe/frappe/query_builder/utils.py", line 139, in execute_query
    result = frappe.local.db.sql(query, params, *args, **kwargs)  # nosemgrep
  File "/workspace/frappe-bench/apps/frappe/frappe/database/postgres/database.py", line 234, in sql
    return super().sql(modify_query(query), modify_values(values), *args, **kwargs)
  File "/workspace/frappe-bench/apps/frappe/frappe/database/database.py", line 294, in sql
    traceback.print_stack()
Error in query:
column "tabPayment Ledger Entry.account" must appear in the GROUP BY clause or be used in an aggregate function
LINE 1: WITH vouchers AS (SELECT "account","voucher_type","voucher_n...
                                 ^

Traceback (most recent call last):
  File "/workspace/frappe-bench/generate_run.py", line 308, in <module>
    sinv.submit()
    ~~~~~~~~~~~^^
  File "/workspace/frappe-bench/apps/frappe/frappe/utils/typing_validations.py", line 36, in wrapper
    return func(*args, **kwargs)
  File "/workspace/frappe-bench/apps/frappe/frappe/model/document.py", line 1349, in submit
    return self._submit()
           ~~~~~~~~~~~~^^
  File "/workspace/frappe-bench/apps/frappe/frappe/model/document.py", line 1330, in _submit
    return self.save()
           ~~~~~~~~~^^
  File "/workspace/frappe-bench/apps/frappe/frappe/model/document.py", line 557, in save
    return self._save(*args, **kwargs)
           ~~~~~~~~~~^^^^^^^^^^^^^^^^^
  File "/workspace/frappe-bench/apps/frappe/frappe/model/document.py", line 612, in _save
    self.run_post_save_methods()
    ~~~~~~~~~~~~~~~~~~~~~~~~~~^^
  File "/workspace/frappe-bench/apps/frappe/frappe/model/document.py", line 1457, in run_post_save_methods
    self.run_method("on_submit")
    ~~~~~~~~~~~~~~~^^^^^^^^^^^^^
  File "/workspace/frappe-bench/apps/frappe/frappe/model/document.py", line 1260, in run_method
    out = Document.hook(fn)(self, *args, **kwargs)
  File "/workspace/frappe-bench/apps/frappe/frappe/model/document.py", line 1661, in composer
    return composed(self, method, *args, **kwargs)
  File "/workspace/frappe-bench/apps/frappe/frappe/model/document.py", line 1635, in runner
    add_to_return_value(self, fn(self, *args, **kwargs))
                              ~~^^^^^^^^^^^^^^^^^^^^^^^
  File "/workspace/frappe-bench/apps/frappe/frappe/model/document.py", line 1257, in fn
    return method_object(*args, **kwargs)
  File "/workspace/frappe-bench/apps/erpnext/erpnext/accounts/doctype/sales_invoice/sales_invoice.py", line 510, in on_submit
    self.make_gl_entries()
    ~~~~~~~~~~~~~~~~~~~~^^
  File "/workspace/frappe-bench/apps/erpnext/erpnext/accounts/doctype/sales_invoice/sales_invoice.py", line 1607, in make_gl_entries
    make_gl_entries(
    ~~~~~~~~~~~~~~~^
    	gl_entries,
     ^^^^^^^^^^^
    ...<2 lines>...
    	from_repost=from_repost,
     ^^^^^^^^^^^^^^^^^^^^^^^^
    )
    ^
  File "/workspace/frappe-bench/apps/erpnext/erpnext/accounts/general_ledger.py", line 53, in make_gl_entries
    create_payment_ledger_entry(
    ~~~~~~~~~~~~~~~~~~~~~~~~~~~^
    	gl_map,
     ^^^^^^^
    ...<3 lines>...
    	from_repost=from_repost,
     ^^^^^^^^^^^^^^^^^^^^^^^^
    )
    ^
  File "/workspace/frappe-bench/apps/erpnext/erpnext/accounts/utils.py", line 2138, in create_payment_ledger_entry
    ple.submit()
    ~~~~~~~~~~^^
  File "/workspace/frappe-bench/apps/frappe/frappe/utils/typing_validations.py", line 36, in wrapper
    return func(*args, **kwargs)
  File "/workspace/frappe-bench/apps/frappe/frappe/model/document.py", line 1349, in submit
    return self._submit()
           ~~~~~~~~~~~~^^
  File "/workspace/frappe-bench/apps/frappe/frappe/model/document.py", line 1330, in _submit
    return self.save()
           ~~~~~~~~~^^
  File "/workspace/frappe-bench/apps/frappe/frappe/model/document.py", line 557, in save
    return self._save(*args, **kwargs)
           ~~~~~~~~~~^^^^^^^^^^^^^^^^^
  File "/workspace/frappe-bench/apps/frappe/frappe/model/document.py", line 579, in _save
    return self.insert()
           ~~~~~~~~~~~^^
  File "/workspace/frappe-bench/apps/frappe/frappe/model/document.py", line 513, in insert
    self.run_post_save_methods()
    ~~~~~~~~~~~~~~~~~~~~~~~~~~^^
  File "/workspace/frappe-bench/apps/frappe/frappe/model/document.py", line 1456, in run_post_save_methods
    self.run_method("on_update")
    ~~~~~~~~~~~~~~~^^^^^^^^^^^^^
  File "/workspace/frappe-bench/apps/frappe/frappe/model/document.py", line 1260, in run_method
    out = Document.hook(fn)(self, *args, **kwargs)
  File "/workspace/frappe-bench/apps/frappe/frappe/model/document.py", line 1661, in composer
    return composed(self, method, *args, **kwargs)
  File "/workspace/frappe-bench/apps/frappe/frappe/model/document.py", line 1635, in runner
    add_to_return_value(self, fn(self, *args, **kwargs))
                              ~~^^^^^^^^^^^^^^^^^^^^^^^
  File "/workspace/frappe-bench/apps/frappe/frappe/model/document.py", line 1257, in fn
    return method_object(*args, **kwargs)
  File "/workspace/frappe-bench/apps/erpnext/erpnext/accounts/doctype/payment_ledger_entry/payment_ledger_entry.py", line 174, in on_update
    update_voucher_outstanding(
    ~~~~~~~~~~~~~~~~~~~~~~~~~~^
    	self.against_voucher_type, self.against_voucher_no, self.account, self.party_type, self.party
     ^^^^^^^^^^^^^^^^^^^^^^^^^^^^^^^^^^^^^^^^^^^^^^^^^^^^^^^^^^^^^^^^^^^^^^^^^^^^^^^^^^^^^^^^^^^^^
    )
    ^
  File "/workspace/frappe-bench/apps/erpnext/erpnext/accounts/utils.py", line 2167, in update_voucher_outstanding
    voucher_outstanding = ple_query.get_voucher_outstandings(vouchers, common_filter=common_filter)
  File "/workspace/frappe-bench/apps/erpnext/erpnext/accounts/utils.py", line 2487, in get_voucher_outstandings
    self.query_for_outstanding()
    ~~~~~~~~~~~~~~~~~~~~~~~~~~^^
  File "/workspace/frappe-bench/apps/erpnext/erpnext/accounts/utils.py", line 2450, in query_for_outstanding
    self.voucher_outstandings = self.cte_query_voucher_amount_and_outstanding.run(as_dict=True)
                                ~~~~~~~~~~~~~~~~~~~~~~~~~~~~~~~~~~~~~~~~~~~~~~~~~^^^^^^^^^^^^^^
  File "/workspace/frappe-bench/apps/frappe/frappe/query_builder/utils.py", line 139, in execute_query
    result = frappe.local.db.sql(query, params, *args, **kwargs)  # nosemgrep
  File "/workspace/frappe-bench/apps/frappe/frappe/database/postgres/database.py", line 234, in sql
    return super().sql(modify_query(query), modify_values(values), *args, **kwargs)
           ~~~~~~~~~~~^^^^^^^^^^^^^^^^^^^^^^^^^^^^^^^^^^^^^^^^^^^^^^^^^^^^^^^^^^^^^
  File "/workspace/frappe-bench/apps/frappe/frappe/database/database.py", line 272, in sql
    self.execute_query(query, values)
    ~~~~~~~~~~~~~~~~~~^^^^^^^^^^^^^^^
  File "/workspace/frappe-bench/apps/frappe/frappe/database/database.py", line 372, in execute_query
    return self._cursor.execute(query, values)
           ~~~~~~~~~~~~~~~~~~~~^^^^^^^^^^^^^^^
psycopg2.errors.GroupingError: column "tabPayment Ledger Entry.account" must appear in the GROUP BY clause or be used in an aggregate function
LINE 1: WITH vouchers AS (SELECT "account","voucher_type","voucher_n...
                                 ^

/workspace/frappe-bench/apps/frappe/frappe/query_builder/utils.py:65: UserWarning: ORDER BY fields have been ignored because PostgreSQL requires them to appear in the SELECT list when using DISTINCT or GROUP BY.
  return Engine().get_query(*args, **kwargs)
Traceback (most recent call last):
  File "/workspace/frappe-bench/generate_run.py", line 408, in <module>
    pr.submit()
    ~~~~~~~~~^^
  File "/workspace/frappe-bench/apps/frappe/frappe/utils/typing_validations.py", line 36, in wrapper
    return func(*args, **kwargs)
  File "/workspace/frappe-bench/apps/frappe/frappe/model/document.py", line 1349, in submit
    return self._submit()
           ~~~~~~~~~~~~^^
  File "/workspace/frappe-bench/apps/frappe/frappe/model/document.py", line 1330, in _submit
    return self.save()
           ~~~~~~~~~^^
  File "/workspace/frappe-bench/apps/frappe/frappe/model/document.py", line 557, in save
    return self._save(*args, **kwargs)
           ~~~~~~~~~~^^^^^^^^^^^^^^^^^
  File "/workspace/frappe-bench/apps/frappe/frappe/model/document.py", line 612, in _save
    self.run_post_save_methods()
    ~~~~~~~~~~~~~~~~~~~~~~~~~~^^
  File "/workspace/frappe-bench/apps/frappe/frappe/model/document.py", line 1457, in run_post_save_methods
    self.run_method("on_submit")
    ~~~~~~~~~~~~~~~^^^^^^^^^^^^^
  File "/workspace/frappe-bench/apps/frappe/frappe/model/document.py", line 1260, in run_method
    out = Document.hook(fn)(self, *args, **kwargs)
  File "/workspace/frappe-bench/apps/frappe/frappe/model/document.py", line 1661, in composer
    return composed(self, method, *args, **kwargs)
  File "/workspace/frappe-bench/apps/frappe/frappe/model/document.py", line 1635, in runner
    add_to_return_value(self, fn(self, *args, **kwargs))
                              ~~^^^^^^^^^^^^^^^^^^^^^^^
  File "/workspace/frappe-bench/apps/frappe/frappe/model/document.py", line 1257, in fn
    return method_object(*args, **kwargs)
  File "/workspace/frappe-bench/apps/erpnext/erpnext/stock/doctype/purchase_receipt/purchase_receipt.py", line 395, in on_submit
    self.update_stock_ledger()
    ~~~~~~~~~~~~~~~~~~~~~~~~^^
  File "/workspace/frappe-bench/apps/erpnext/erpnext/controllers/buying_controller.py", line 944, in update_stock_ledger
    self.make_sl_entries(
    ~~~~~~~~~~~~~~~~~~~~^
    	sl_entries,
     ^^^^^^^^^^^
    	allow_negative_stock=allow_negative_stock,
     ^^^^^^^^^^^^^^^^^^^^^^^^^^^^^^^^^^^^^^^^^^
    	via_landed_cost_voucher=via_landed_cost_voucher,
     ^^^^^^^^^^^^^^^^^^^^^^^^^^^^^^^^^^^^^^^^^^^^^^^^
    )
    ^
  File "/workspace/frappe-bench/apps/erpnext/erpnext/controllers/stock_controller.py", line 1432, in make_sl_entries
    make_sl_entries(sl_entries, allow_negative_stock, via_landed_cost_voucher)
    ~~~~~~~~~~~~~~~^^^^^^^^^^^^^^^^^^^^^^^^^^^^^^^^^^^^^^^^^^^^^^^^^^^^^^^^^^^
  File "/workspace/frappe-bench/apps/erpnext/erpnext/stock/stock_ledger.py", line 98, in make_sl_entries
    validate_stock_frozen_by_closing_entry(sl_entries)
    ~~~~~~~~~~~~~~~~~~~~~~~~~~~~~~~~~~~~~~^^^^^^^^^^^^
  File "/workspace/frappe-bench/apps/erpnext/erpnext/stock/stock_ledger.py", line 67, in validate_stock_frozen_by_closing_entry
    closing_entry = get_closing_entry_for_closed_period(company)
  File "/workspace/frappe-bench/apps/erpnext/erpnext/stock/doctype/stock_closing_entry/stock_closing_entry.py", line 30, in get_closing_entry_for_closed_period
    	closed_upto = frappe.db.sql(
                   ~~~~~~~~~~~~~^
     	'SELECT MAX(period_end_date) FROM "tabPeriod Closing Voucher" WHERE docstatus=1 AND company=%s',
      ^^^^^^^^^^^^^^^^^^^^^^^^^^^^^^^^^^^^^^^^^^^^^^^^^^^^^^^^^^^^^^^^^^^^^^^^^^^^^^^^^^^^^^^^^^^^^^^^
     	company,
      ^^^^^^^^
     	as_scalar=True,
      ^^^^^^^^^^^^^^^
     )
     ^
  File "/workspace/frappe-bench/apps/frappe/frappe/database/postgres/database.py", line 234, in sql
    return super().sql(modify_query(query), modify_values(values), *args, **kwargs)
           ~~~~~~~~~~~^^^^^^^^^^^^^^^^^^^^^^^^^^^^^^^^^^^^^^^^^^^^^^^^^^^^^^^^^^^^^
TypeError: Database.sql() got an unexpected keyword argument 'as_scalar'
Traceback (most recent call last):
  File "/workspace/frappe-bench/generate_run.py", line 504, in <module>
    se.submit()
    ~~~~~~~~~^^
  File "/workspace/frappe-bench/apps/frappe/frappe/utils/typing_validations.py", line 36, in wrapper
    return func(*args, **kwargs)
  File "/workspace/frappe-bench/apps/frappe/frappe/model/document.py", line 1349, in submit
    return self._submit()
           ~~~~~~~~~~~~^^
  File "/workspace/frappe-bench/apps/frappe/frappe/model/document.py", line 1330, in _submit
    return self.save()
           ~~~~~~~~~^^
  File "/workspace/frappe-bench/apps/frappe/frappe/model/document.py", line 557, in save
    return self._save(*args, **kwargs)
           ~~~~~~~~~~^^^^^^^^^^^^^^^^^
  File "/workspace/frappe-bench/apps/frappe/frappe/model/document.py", line 612, in _save
    self.run_post_save_methods()
    ~~~~~~~~~~~~~~~~~~~~~~~~~~^^
  File "/workspace/frappe-bench/apps/frappe/frappe/model/document.py", line 1457, in run_post_save_methods
    self.run_method("on_submit")
    ~~~~~~~~~~~~~~~^^^^^^^^^^^^^
  File "/workspace/frappe-bench/apps/frappe/frappe/model/document.py", line 1260, in run_method
    out = Document.hook(fn)(self, *args, **kwargs)
  File "/workspace/frappe-bench/apps/frappe/frappe/model/document.py", line 1661, in composer
    return composed(self, method, *args, **kwargs)
  File "/workspace/frappe-bench/apps/frappe/frappe/model/document.py", line 1635, in runner
    add_to_return_value(self, fn(self, *args, **kwargs))
                              ~~^^^^^^^^^^^^^^^^^^^^^^^
  File "/workspace/frappe-bench/apps/frappe/frappe/model/document.py", line 1257, in fn
    return method_object(*args, **kwargs)
  File "/workspace/frappe-bench/apps/erpnext/erpnext/stock/doctype/stock_entry/stock_entry.py", line 572, in on_submit
    self.update_stock_ledger()
    ~~~~~~~~~~~~~~~~~~~~~~~~^^
  File "/workspace/frappe-bench/apps/erpnext/erpnext/stock/doctype/stock_entry/stock_entry.py", line 2227, in update_stock_ledger
    self.make_sl_entries(
    ~~~~~~~~~~~~~~~~~~~~^
    	sl_entries,
     ^^^^^^^^^^^
    	allow_negative_stock=allow_negative_stock,
     ^^^^^^^^^^^^^^^^^^^^^^^^^^^^^^^^^^^^^^^^^^
    	via_landed_cost_voucher=via_landed_cost_voucher,
     ^^^^^^^^^^^^^^^^^^^^^^^^^^^^^^^^^^^^^^^^^^^^^^^^
    )
    ^
  File "/workspace/frappe-bench/apps/erpnext/erpnext/controllers/stock_controller.py", line 1432, in make_sl_entries
    make_sl_entries(sl_entries, allow_negative_stock, via_landed_cost_voucher)
    ~~~~~~~~~~~~~~~^^^^^^^^^^^^^^^^^^^^^^^^^^^^^^^^^^^^^^^^^^^^^^^^^^^^^^^^^^^
  File "/workspace/frappe-bench/apps/erpnext/erpnext/stock/stock_ledger.py", line 98, in make_sl_entries
    validate_stock_frozen_by_closing_entry(sl_entries)
    ~~~~~~~~~~~~~~~~~~~~~~~~~~~~~~~~~~~~~~^^^^^^^^^^^^
  File "/workspace/frappe-bench/apps/erpnext/erpnext/stock/stock_ledger.py", line 67, in validate_stock_frozen_by_closing_entry
    closing_entry = get_closing_entry_for_closed_period(company)
  File "/workspace/frappe-bench/apps/erpnext/erpnext/stock/doctype/stock_closing_entry/stock_closing_entry.py", line 30, in get_closing_entry_for_closed_period
    	closed_upto = frappe.db.sql(
                   ~~~~~~~~~~~~~^
     	'SELECT MAX(period_end_date) FROM "tabPeriod Closing Voucher" WHERE docstatus=1 AND company=%s',
      ^^^^^^^^^^^^^^^^^^^^^^^^^^^^^^^^^^^^^^^^^^^^^^^^^^^^^^^^^^^^^^^^^^^^^^^^^^^^^^^^^^^^^^^^^^^^^^^^
     	company,
      ^^^^^^^^
     	as_scalar=True,
      ^^^^^^^^^^^^^^^
     )
     ^
  File "/workspace/frappe-bench/apps/frappe/frappe/database/postgres/database.py", line 234, in sql
    return super().sql(modify_query(query), modify_values(values), *args, **kwargs)
           ~~~~~~~~~~~^^^^^^^^^^^^^^^^^^^^^^^^^^^^^^^^^^^^^^^^^^^^^^^^^^^^^^^^^^^^^
TypeError: Database.sql() got an unexpected keyword argument 'as_scalar'
  File "/workspace/frappe-bench/generate_run.py", line 308, in <module>
    sinv.submit()
  File "/workspace/frappe-bench/apps/frappe/frappe/utils/typing_validations.py", line 36, in wrapper
    return func(*args, **kwargs)
  File "/workspace/frappe-bench/apps/frappe/frappe/model/document.py", line 1349, in submit
    return self._submit()
  File "/workspace/frappe-bench/apps/frappe/frappe/model/document.py", line 1330, in _submit
    return self.save()
  File "/workspace/frappe-bench/apps/frappe/frappe/model/document.py", line 557, in save
    return self._save(*args, **kwargs)
  File "/workspace/frappe-bench/apps/frappe/frappe/model/document.py", line 612, in _save
    self.run_post_save_methods()
  File "/workspace/frappe-bench/apps/frappe/frappe/model/document.py", line 1457, in run_post_save_methods
    self.run_method("on_submit")
  File "/workspace/frappe-bench/apps/frappe/frappe/model/document.py", line 1260, in run_method
    out = Document.hook(fn)(self, *args, **kwargs)
  File "/workspace/frappe-bench/apps/frappe/frappe/model/document.py", line 1661, in composer
    return composed(self, method, *args, **kwargs)
  File "/workspace/frappe-bench/apps/frappe/frappe/model/document.py", line 1635, in runner
    add_to_return_value(self, fn(self, *args, **kwargs))
  File "/workspace/frappe-bench/apps/frappe/frappe/model/document.py", line 1257, in fn
    return method_object(*args, **kwargs)
  File "/workspace/frappe-bench/apps/erpnext/erpnext/accounts/doctype/sales_invoice/sales_invoice.py", line 510, in on_submit
    self.make_gl_entries()
  File "/workspace/frappe-bench/apps/erpnext/erpnext/accounts/doctype/sales_invoice/sales_invoice.py", line 1607, in make_gl_entries
    make_gl_entries(
  File "/workspace/frappe-bench/apps/erpnext/erpnext/accounts/general_ledger.py", line 53, in make_gl_entries
    create_payment_ledger_entry(
  File "/workspace/frappe-bench/apps/erpnext/erpnext/accounts/utils.py", line 2138, in create_payment_ledger_entry
    ple.submit()
  File "/workspace/frappe-bench/apps/frappe/frappe/utils/typing_validations.py", line 36, in wrapper
    return func(*args, **kwargs)
  File "/workspace/frappe-bench/apps/frappe/frappe/model/document.py", line 1349, in submit
    return self._submit()
  File "/workspace/frappe-bench/apps/frappe/frappe/model/document.py", line 1330, in _submit
    return self.save()
  File "/workspace/frappe-bench/apps/frappe/frappe/model/document.py", line 557, in save
    return self._save(*args, **kwargs)
  File "/workspace/frappe-bench/apps/frappe/frappe/model/document.py", line 579, in _save
    return self.insert()
  File "/workspace/frappe-bench/apps/frappe/frappe/model/document.py", line 513, in insert
    self.run_post_save_methods()
  File "/workspace/frappe-bench/apps/frappe/frappe/model/document.py", line 1456, in run_post_save_methods
    self.run_method("on_update")
  File "/workspace/frappe-bench/apps/frappe/frappe/model/document.py", line 1260, in run_method
    out = Document.hook(fn)(self, *args, **kwargs)
  File "/workspace/frappe-bench/apps/frappe/frappe/model/document.py", line 1661, in composer
    return composed(self, method, *args, **kwargs)
  File "/workspace/frappe-bench/apps/frappe/frappe/model/document.py", line 1635, in runner
    add_to_return_value(self, fn(self, *args, **kwargs))
  File "/workspace/frappe-bench/apps/frappe/frappe/model/document.py", line 1257, in fn
    return method_object(*args, **kwargs)
  File "/workspace/frappe-bench/apps/erpnext/erpnext/accounts/doctype/payment_ledger_entry/payment_ledger_entry.py", line 174, in on_update
    update_voucher_outstanding(
  File "/workspace/frappe-bench/apps/erpnext/erpnext/accounts/utils.py", line 2167, in update_voucher_outstanding
    voucher_outstanding = ple_query.get_voucher_outstandings(vouchers, common_filter=common_filter)
  File "/workspace/frappe-bench/apps/erpnext/erpnext/accounts/utils.py", line 2487, in get_voucher_outstandings
    self.query_for_outstanding()
  File "/workspace/frappe-bench/apps/erpnext/erpnext/accounts/utils.py", line 2450, in query_for_outstanding
    self.voucher_outstandings = self.cte_query_voucher_amount_and_outstanding.run(as_dict=True)
  File "/workspace/frappe-bench/apps/frappe/frappe/query_builder/utils.py", line 139, in execute_query
    result = frappe.local.db.sql(query, params, *args, **kwargs)  # nosemgrep
  File "/workspace/frappe-bench/apps/frappe/frappe/database/postgres/database.py", line 234, in sql
    return super().sql(modify_query(query), modify_values(values), *args, **kwargs)
  File "/workspace/frappe-bench/apps/frappe/frappe/database/database.py", line 294, in sql
    traceback.print_stack()
Error in query:
column "tabPayment Ledger Entry.account" must appear in the GROUP BY clause or be used in an aggregate function
LINE 1: WITH vouchers AS (SELECT "account","voucher_type","voucher_n...
                                 ^

Traceback (most recent call last):
  File "/workspace/frappe-bench/generate_run.py", line 308, in <module>
    sinv.submit()
    ~~~~~~~~~~~^^
  File "/workspace/frappe-bench/apps/frappe/frappe/utils/typing_validations.py", line 36, in wrapper
    return func(*args, **kwargs)
  File "/workspace/frappe-bench/apps/frappe/frappe/model/document.py", line 1349, in submit
    return self._submit()
           ~~~~~~~~~~~~^^
  File "/workspace/frappe-bench/apps/frappe/frappe/model/document.py", line 1330, in _submit
    return self.save()
           ~~~~~~~~~^^
  File "/workspace/frappe-bench/apps/frappe/frappe/model/document.py", line 557, in save
    return self._save(*args, **kwargs)
           ~~~~~~~~~~^^^^^^^^^^^^^^^^^
  File "/workspace/frappe-bench/apps/frappe/frappe/model/document.py", line 612, in _save
    self.run_post_save_methods()
    ~~~~~~~~~~~~~~~~~~~~~~~~~~^^
  File "/workspace/frappe-bench/apps/frappe/frappe/model/document.py", line 1457, in run_post_save_methods
    self.run_method("on_submit")
    ~~~~~~~~~~~~~~~^^^^^^^^^^^^^
  File "/workspace/frappe-bench/apps/frappe/frappe/model/document.py", line 1260, in run_method
    out = Document.hook(fn)(self, *args, **kwargs)
  File "/workspace/frappe-bench/apps/frappe/frappe/model/document.py", line 1661, in composer
    return composed(self, method, *args, **kwargs)
  File "/workspace/frappe-bench/apps/frappe/frappe/model/document.py", line 1635, in runner
    add_to_return_value(self, fn(self, *args, **kwargs))
                              ~~^^^^^^^^^^^^^^^^^^^^^^^
  File "/workspace/frappe-bench/apps/frappe/frappe/model/document.py", line 1257, in fn
    return method_object(*args, **kwargs)
  File "/workspace/frappe-bench/apps/erpnext/erpnext/accounts/doctype/sales_invoice/sales_invoice.py", line 510, in on_submit
    self.make_gl_entries()
    ~~~~~~~~~~~~~~~~~~~~^^
  File "/workspace/frappe-bench/apps/erpnext/erpnext/accounts/doctype/sales_invoice/sales_invoice.py", line 1607, in make_gl_entries
    make_gl_entries(
    ~~~~~~~~~~~~~~~^
    	gl_entries,
     ^^^^^^^^^^^
    ...<2 lines>...
    	from_repost=from_repost,
     ^^^^^^^^^^^^^^^^^^^^^^^^
    )
    ^
  File "/workspace/frappe-bench/apps/erpnext/erpnext/accounts/general_ledger.py", line 53, in make_gl_entries
    create_payment_ledger_entry(
    ~~~~~~~~~~~~~~~~~~~~~~~~~~~^
    	gl_map,
     ^^^^^^^
    ...<3 lines>...
    	from_repost=from_repost,
     ^^^^^^^^^^^^^^^^^^^^^^^^
    )
    ^
  File "/workspace/frappe-bench/apps/erpnext/erpnext/accounts/utils.py", line 2138, in create_payment_ledger_entry
    ple.submit()
    ~~~~~~~~~~^^
  File "/workspace/frappe-bench/apps/frappe/frappe/utils/typing_validations.py", line 36, in wrapper
    return func(*args, **kwargs)
  File "/workspace/frappe-bench/apps/frappe/frappe/model/document.py", line 1349, in submit
    return self._submit()
           ~~~~~~~~~~~~^^
  File "/workspace/frappe-bench/apps/frappe/frappe/model/document.py", line 1330, in _submit
    return self.save()
           ~~~~~~~~~^^
  File "/workspace/frappe-bench/apps/frappe/frappe/model/document.py", line 557, in save
    return self._save(*args, **kwargs)
           ~~~~~~~~~~^^^^^^^^^^^^^^^^^
  File "/workspace/frappe-bench/apps/frappe/frappe/model/document.py", line 579, in _save
    return self.insert()
           ~~~~~~~~~~~^^
  File "/workspace/frappe-bench/apps/frappe/frappe/model/document.py", line 513, in insert
    self.run_post_save_methods()
    ~~~~~~~~~~~~~~~~~~~~~~~~~~^^
  File "/workspace/frappe-bench/apps/frappe/frappe/model/document.py", line 1456, in run_post_save_methods
    self.run_method("on_update")
    ~~~~~~~~~~~~~~~^^^^^^^^^^^^^
  File "/workspace/frappe-bench/apps/frappe/frappe/model/document.py", line 1260, in run_method
    out = Document.hook(fn)(self, *args, **kwargs)
  File "/workspace/frappe-bench/apps/frappe/frappe/model/document.py", line 1661, in composer
    return composed(self, method, *args, **kwargs)
  File "/workspace/frappe-bench/apps/frappe/frappe/model/document.py", line 1635, in runner
    add_to_return_value(self, fn(self, *args, **kwargs))
                              ~~^^^^^^^^^^^^^^^^^^^^^^^
  File "/workspace/frappe-bench/apps/frappe/frappe/model/document.py", line 1257, in fn
    return method_object(*args, **kwargs)
  File "/workspace/frappe-bench/apps/erpnext/erpnext/accounts/doctype/payment_ledger_entry/payment_ledger_entry.py", line 174, in on_update
    update_voucher_outstanding(
    ~~~~~~~~~~~~~~~~~~~~~~~~~~^
    	self.against_voucher_type, self.against_voucher_no, self.account, self.party_type, self.party
     ^^^^^^^^^^^^^^^^^^^^^^^^^^^^^^^^^^^^^^^^^^^^^^^^^^^^^^^^^^^^^^^^^^^^^^^^^^^^^^^^^^^^^^^^^^^^^
    )
    ^
  File "/workspace/frappe-bench/apps/erpnext/erpnext/accounts/utils.py", line 2167, in update_voucher_outstanding
    voucher_outstanding = ple_query.get_voucher_outstandings(vouchers, common_filter=common_filter)
  File "/workspace/frappe-bench/apps/erpnext/erpnext/accounts/utils.py", line 2487, in get_voucher_outstandings
    self.query_for_outstanding()
    ~~~~~~~~~~~~~~~~~~~~~~~~~~^^
  File "/workspace/frappe-bench/apps/erpnext/erpnext/accounts/utils.py", line 2450, in query_for_outstanding
    self.voucher_outstandings = self.cte_query_voucher_amount_and_outstanding.run(as_dict=True)
                                ~~~~~~~~~~~~~~~~~~~~~~~~~~~~~~~~~~~~~~~~~~~~~~~~~^^^^^^^^^^^^^^
  File "/workspace/frappe-bench/apps/frappe/frappe/query_builder/utils.py", line 139, in execute_query
    result = frappe.local.db.sql(query, params, *args, **kwargs)  # nosemgrep
  File "/workspace/frappe-bench/apps/frappe/frappe/database/postgres/database.py", line 234, in sql
    return super().sql(modify_query(query), modify_values(values), *args, **kwargs)
           ~~~~~~~~~~~^^^^^^^^^^^^^^^^^^^^^^^^^^^^^^^^^^^^^^^^^^^^^^^^^^^^^^^^^^^^^
  File "/workspace/frappe-bench/apps/frappe/frappe/database/database.py", line 272, in sql
    self.execute_query(query, values)
    ~~~~~~~~~~~~~~~~~~^^^^^^^^^^^^^^^
  File "/workspace/frappe-bench/apps/frappe/frappe/database/database.py", line 372, in execute_query
    return self._cursor.execute(query, values)
           ~~~~~~~~~~~~~~~~~~~~^^^^^^^^^^^^^^^
psycopg2.errors.GroupingError: column "tabPayment Ledger Entry.account" must appear in the GROUP BY clause or be used in an aggregate function
LINE 1: WITH vouchers AS (SELECT "account","voucher_type","voucher_n...
                                 ^

Traceback (most recent call last):
  File "/workspace/frappe-bench/generate_run.py", line 408, in <module>
    pr.submit()
    ~~~~~~~~~^^
  File "/workspace/frappe-bench/apps/frappe/frappe/utils/typing_validations.py", line 36, in wrapper
    return func(*args, **kwargs)
  File "/workspace/frappe-bench/apps/frappe/frappe/model/document.py", line 1349, in submit
    return self._submit()
           ~~~~~~~~~~~~^^
  File "/workspace/frappe-bench/apps/frappe/frappe/model/document.py", line 1330, in _submit
    return self.save()
           ~~~~~~~~~^^
  File "/workspace/frappe-bench/apps/frappe/frappe/model/document.py", line 557, in save
    return self._save(*args, **kwargs)
           ~~~~~~~~~~^^^^^^^^^^^^^^^^^
  File "/workspace/frappe-bench/apps/frappe/frappe/model/document.py", line 612, in _save
    self.run_post_save_methods()
    ~~~~~~~~~~~~~~~~~~~~~~~~~~^^
  File "/workspace/frappe-bench/apps/frappe/frappe/model/document.py", line 1457, in run_post_save_methods
    self.run_method("on_submit")
    ~~~~~~~~~~~~~~~^^^^^^^^^^^^^
  File "/workspace/frappe-bench/apps/frappe/frappe/model/document.py", line 1260, in run_method
    out = Document.hook(fn)(self, *args, **kwargs)
  File "/workspace/frappe-bench/apps/frappe/frappe/model/document.py", line 1661, in composer
    return composed(self, method, *args, **kwargs)
  File "/workspace/frappe-bench/apps/frappe/frappe/model/document.py", line 1635, in runner
    add_to_return_value(self, fn(self, *args, **kwargs))
                              ~~^^^^^^^^^^^^^^^^^^^^^^^
  File "/workspace/frappe-bench/apps/frappe/frappe/model/document.py", line 1257, in fn
    return method_object(*args, **kwargs)
  File "/workspace/frappe-bench/apps/erpnext/erpnext/stock/doctype/purchase_receipt/purchase_receipt.py", line 395, in on_submit
    self.update_stock_ledger()
    ~~~~~~~~~~~~~~~~~~~~~~~~^^
  File "/workspace/frappe-bench/apps/erpnext/erpnext/controllers/buying_controller.py", line 944, in update_stock_ledger
    self.make_sl_entries(
    ~~~~~~~~~~~~~~~~~~~~^
    	sl_entries,
     ^^^^^^^^^^^
    	allow_negative_stock=allow_negative_stock,
     ^^^^^^^^^^^^^^^^^^^^^^^^^^^^^^^^^^^^^^^^^^
    	via_landed_cost_voucher=via_landed_cost_voucher,
     ^^^^^^^^^^^^^^^^^^^^^^^^^^^^^^^^^^^^^^^^^^^^^^^^
    )
    ^
  File "/workspace/frappe-bench/apps/erpnext/erpnext/controllers/stock_controller.py", line 1432, in make_sl_entries
    make_sl_entries(sl_entries, allow_negative_stock, via_landed_cost_voucher)
    ~~~~~~~~~~~~~~~^^^^^^^^^^^^^^^^^^^^^^^^^^^^^^^^^^^^^^^^^^^^^^^^^^^^^^^^^^^
  File "/workspace/frappe-bench/apps/erpnext/erpnext/stock/stock_ledger.py", line 98, in make_sl_entries
    validate_stock_frozen_by_closing_entry(sl_entries)
    ~~~~~~~~~~~~~~~~~~~~~~~~~~~~~~~~~~~~~~^^^^^^^^^^^^
  File "/workspace/frappe-bench/apps/erpnext/erpnext/stock/stock_ledger.py", line 67, in validate_stock_frozen_by_closing_entry
    closing_entry = get_closing_entry_for_closed_period(company)
  File "/workspace/frappe-bench/apps/erpnext/erpnext/stock/doctype/stock_closing_entry/stock_closing_entry.py", line 30, in get_closing_entry_for_closed_period
    	closed_upto = frappe.db.sql(
                   ~~~~~~~~~~~~~^
     	'SELECT MAX(period_end_date) FROM "tabPeriod Closing Voucher" WHERE docstatus=1 AND company=%s',
      ^^^^^^^^^^^^^^^^^^^^^^^^^^^^^^^^^^^^^^^^^^^^^^^^^^^^^^^^^^^^^^^^^^^^^^^^^^^^^^^^^^^^^^^^^^^^^^^^
     	company,
      ^^^^^^^^
     	as_scalar=True,
      ^^^^^^^^^^^^^^^
     )
     ^
  File "/workspace/frappe-bench/apps/frappe/frappe/database/postgres/database.py", line 234, in sql
    return super().sql(modify_query(query), modify_values(values), *args, **kwargs)
           ~~~~~~~~~~~^^^^^^^^^^^^^^^^^^^^^^^^^^^^^^^^^^^^^^^^^^^^^^^^^^^^^^^^^^^^^
TypeError: Database.sql() got an unexpected keyword argument 'as_scalar'
Traceback (most recent call last):
  File "/workspace/frappe-bench/generate_run.py", line 504, in <module>
    se.submit()
    ~~~~~~~~~^^
  File "/workspace/frappe-bench/apps/frappe/frappe/utils/typing_validations.py", line 36, in wrapper
    return func(*args, **kwargs)
  File "/workspace/frappe-bench/apps/frappe/frappe/model/document.py", line 1349, in submit
    return self._submit()
           ~~~~~~~~~~~~^^
  File "/workspace/frappe-bench/apps/frappe/frappe/model/document.py", line 1330, in _submit
    return self.save()
           ~~~~~~~~~^^
  File "/workspace/frappe-bench/apps/frappe/frappe/model/document.py", line 557, in save
    return self._save(*args, **kwargs)
           ~~~~~~~~~~^^^^^^^^^^^^^^^^^
  File "/workspace/frappe-bench/apps/frappe/frappe/model/document.py", line 612, in _save
    self.run_post_save_methods()
    ~~~~~~~~~~~~~~~~~~~~~~~~~~^^
  File "/workspace/frappe-bench/apps/frappe/frappe/model/document.py", line 1457, in run_post_save_methods
    self.run_method("on_submit")
    ~~~~~~~~~~~~~~~^^^^^^^^^^^^^
  File "/workspace/frappe-bench/apps/frappe/frappe/model/document.py", line 1260, in run_method
    out = Document.hook(fn)(self, *args, **kwargs)
  File "/workspace/frappe-bench/apps/frappe/frappe/model/document.py", line 1661, in composer
    return composed(self, method, *args, **kwargs)
  File "/workspace/frappe-bench/apps/frappe/frappe/model/document.py", line 1635, in runner
    add_to_return_value(self, fn(self, *args, **kwargs))
                              ~~^^^^^^^^^^^^^^^^^^^^^^^
  File "/workspace/frappe-bench/apps/frappe/frappe/model/document.py", line 1257, in fn
    return method_object(*args, **kwargs)
  File "/workspace/frappe-bench/apps/erpnext/erpnext/stock/doctype/stock_entry/stock_entry.py", line 572, in on_submit
    self.update_stock_ledger()
    ~~~~~~~~~~~~~~~~~~~~~~~~^^
  File "/workspace/frappe-bench/apps/erpnext/erpnext/stock/doctype/stock_entry/stock_entry.py", line 2227, in update_stock_ledger
    self.make_sl_entries(
    ~~~~~~~~~~~~~~~~~~~~^
    	sl_entries,
     ^^^^^^^^^^^
    	allow_negative_stock=allow_negative_stock,
     ^^^^^^^^^^^^^^^^^^^^^^^^^^^^^^^^^^^^^^^^^^
    	via_landed_cost_voucher=via_landed_cost_voucher,
     ^^^^^^^^^^^^^^^^^^^^^^^^^^^^^^^^^^^^^^^^^^^^^^^^
    )
    ^
  File "/workspace/frappe-bench/apps/erpnext/erpnext/controllers/stock_controller.py", line 1432, in make_sl_entries
    make_sl_entries(sl_entries, allow_negative_stock, via_landed_cost_voucher)
    ~~~~~~~~~~~~~~~^^^^^^^^^^^^^^^^^^^^^^^^^^^^^^^^^^^^^^^^^^^^^^^^^^^^^^^^^^^
  File "/workspace/frappe-bench/apps/erpnext/erpnext/stock/stock_ledger.py", line 98, in make_sl_entries
    validate_stock_frozen_by_closing_entry(sl_entries)
    ~~~~~~~~~~~~~~~~~~~~~~~~~~~~~~~~~~~~~~^^^^^^^^^^^^
  File "/workspace/frappe-bench/apps/erpnext/erpnext/stock/stock_ledger.py", line 67, in validate_stock_frozen_by_closing_entry
    closing_entry = get_closing_entry_for_closed_period(company)
  File "/workspace/frappe-bench/apps/erpnext/erpnext/stock/doctype/stock_closing_entry/stock_closing_entry.py", line 30, in get_closing_entry_for_closed_period
    	closed_upto = frappe.db.sql(
                   ~~~~~~~~~~~~~^
     	'SELECT MAX(period_end_date) FROM "tabPeriod Closing Voucher" WHERE docstatus=1 AND company=%s',
      ^^^^^^^^^^^^^^^^^^^^^^^^^^^^^^^^^^^^^^^^^^^^^^^^^^^^^^^^^^^^^^^^^^^^^^^^^^^^^^^^^^^^^^^^^^^^^^^^
     	company,
      ^^^^^^^^
     	as_scalar=True,
      ^^^^^^^^^^^^^^^
     )
     ^
  File "/workspace/frappe-bench/apps/frappe/frappe/database/postgres/database.py", line 234, in sql
    return super().sql(modify_query(query), modify_values(values), *args, **kwargs)
           ~~~~~~~~~~~^^^^^^^^^^^^^^^^^^^^^^^^^^^^^^^^^^^^^^^^^^^^^^^^^^^^^^^^^^^^^
TypeError: Database.sql() got an unexpected keyword argument 'as_scalar'
  File "/workspace/frappe-bench/generate_run.py", line 308, in <module>
    sinv.submit()
  File "/workspace/frappe-bench/apps/frappe/frappe/utils/typing_validations.py", line 36, in wrapper
    return func(*args, **kwargs)
  File "/workspace/frappe-bench/apps/frappe/frappe/model/document.py", line 1349, in submit
    return self._submit()
  File "/workspace/frappe-bench/apps/frappe/frappe/model/document.py", line 1330, in _submit
    return self.save()
  File "/workspace/frappe-bench/apps/frappe/frappe/model/document.py", line 557, in save
    return self._save(*args, **kwargs)
  File "/workspace/frappe-bench/apps/frappe/frappe/model/document.py", line 612, in _save
    self.run_post_save_methods()
  File "/workspace/frappe-bench/apps/frappe/frappe/model/document.py", line 1457, in run_post_save_methods
    self.run_method("on_submit")
  File "/workspace/frappe-bench/apps/frappe/frappe/model/document.py", line 1260, in run_method
    out = Document.hook(fn)(self, *args, **kwargs)
  File "/workspace/frappe-bench/apps/frappe/frappe/model/document.py", line 1661, in composer
    return composed(self, method, *args, **kwargs)
  File "/workspace/frappe-bench/apps/frappe/frappe/model/document.py", line 1635, in runner
    add_to_return_value(self, fn(self, *args, **kwargs))
  File "/workspace/frappe-bench/apps/frappe/frappe/model/document.py", line 1257, in fn
    return method_object(*args, **kwargs)
  File "/workspace/frappe-bench/apps/erpnext/erpnext/accounts/doctype/sales_invoice/sales_invoice.py", line 510, in on_submit
    self.make_gl_entries()
  File "/workspace/frappe-bench/apps/erpnext/erpnext/accounts/doctype/sales_invoice/sales_invoice.py", line 1607, in make_gl_entries
    make_gl_entries(
  File "/workspace/frappe-bench/apps/erpnext/erpnext/accounts/general_ledger.py", line 53, in make_gl_entries
    create_payment_ledger_entry(
  File "/workspace/frappe-bench/apps/erpnext/erpnext/accounts/utils.py", line 2138, in create_payment_ledger_entry
    ple.submit()
  File "/workspace/frappe-bench/apps/frappe/frappe/utils/typing_validations.py", line 36, in wrapper
    return func(*args, **kwargs)
  File "/workspace/frappe-bench/apps/frappe/frappe/model/document.py", line 1349, in submit
    return self._submit()
  File "/workspace/frappe-bench/apps/frappe/frappe/model/document.py", line 1330, in _submit
    return self.save()
  File "/workspace/frappe-bench/apps/frappe/frappe/model/document.py", line 557, in save
    return self._save(*args, **kwargs)
  File "/workspace/frappe-bench/apps/frappe/frappe/model/document.py", line 579, in _save
    return self.insert()
  File "/workspace/frappe-bench/apps/frappe/frappe/model/document.py", line 513, in insert
    self.run_post_save_methods()
  File "/workspace/frappe-bench/apps/frappe/frappe/model/document.py", line 1456, in run_post_save_methods
    self.run_method("on_update")
  File "/workspace/frappe-bench/apps/frappe/frappe/model/document.py", line 1260, in run_method
    out = Document.hook(fn)(self, *args, **kwargs)
  File "/workspace/frappe-bench/apps/frappe/frappe/model/document.py", line 1661, in composer
    return composed(self, method, *args, **kwargs)
  File "/workspace/frappe-bench/apps/frappe/frappe/model/document.py", line 1635, in runner
    add_to_return_value(self, fn(self, *args, **kwargs))
  File "/workspace/frappe-bench/apps/frappe/frappe/model/document.py", line 1257, in fn
    return method_object(*args, **kwargs)
  File "/workspace/frappe-bench/apps/erpnext/erpnext/accounts/doctype/payment_ledger_entry/payment_ledger_entry.py", line 174, in on_update
    update_voucher_outstanding(
  File "/workspace/frappe-bench/apps/erpnext/erpnext/accounts/utils.py", line 2167, in update_voucher_outstanding
    voucher_outstanding = ple_query.get_voucher_outstandings(vouchers, common_filter=common_filter)
  File "/workspace/frappe-bench/apps/erpnext/erpnext/accounts/utils.py", line 2487, in get_voucher_outstandings
    self.query_for_outstanding()
  File "/workspace/frappe-bench/apps/erpnext/erpnext/accounts/utils.py", line 2450, in query_for_outstanding
    self.voucher_outstandings = self.cte_query_voucher_amount_and_outstanding.run(as_dict=True)
  File "/workspace/frappe-bench/apps/frappe/frappe/query_builder/utils.py", line 139, in execute_query
    result = frappe.local.db.sql(query, params, *args, **kwargs)  # nosemgrep
  File "/workspace/frappe-bench/apps/frappe/frappe/database/postgres/database.py", line 234, in sql
    return super().sql(modify_query(query), modify_values(values), *args, **kwargs)
  File "/workspace/frappe-bench/apps/frappe/frappe/database/database.py", line 294, in sql
    traceback.print_stack()
Error in query:
column "tabPayment Ledger Entry.account" must appear in the GROUP BY clause or be used in an aggregate function
LINE 1: WITH vouchers AS (SELECT "account","voucher_type","voucher_n...
                                 ^

Traceback (most recent call last):
  File "/workspace/frappe-bench/generate_run.py", line 308, in <module>
    sinv.submit()
    ~~~~~~~~~~~^^
  File "/workspace/frappe-bench/apps/frappe/frappe/utils/typing_validations.py", line 36, in wrapper
    return func(*args, **kwargs)
  File "/workspace/frappe-bench/apps/frappe/frappe/model/document.py", line 1349, in submit
    return self._submit()
           ~~~~~~~~~~~~^^
  File "/workspace/frappe-bench/apps/frappe/frappe/model/document.py", line 1330, in _submit
    return self.save()
           ~~~~~~~~~^^
  File "/workspace/frappe-bench/apps/frappe/frappe/model/document.py", line 557, in save
    return self._save(*args, **kwargs)
           ~~~~~~~~~~^^^^^^^^^^^^^^^^^
  File "/workspace/frappe-bench/apps/frappe/frappe/model/document.py", line 612, in _save
    self.run_post_save_methods()
    ~~~~~~~~~~~~~~~~~~~~~~~~~~^^
  File "/workspace/frappe-bench/apps/frappe/frappe/model/document.py", line 1457, in run_post_save_methods
    self.run_method("on_submit")
    ~~~~~~~~~~~~~~~^^^^^^^^^^^^^
  File "/workspace/frappe-bench/apps/frappe/frappe/model/document.py", line 1260, in run_method
    out = Document.hook(fn)(self, *args, **kwargs)
  File "/workspace/frappe-bench/apps/frappe/frappe/model/document.py", line 1661, in composer
    return composed(self, method, *args, **kwargs)
  File "/workspace/frappe-bench/apps/frappe/frappe/model/document.py", line 1635, in runner
    add_to_return_value(self, fn(self, *args, **kwargs))
                              ~~^^^^^^^^^^^^^^^^^^^^^^^
  File "/workspace/frappe-bench/apps/frappe/frappe/model/document.py", line 1257, in fn
    return method_object(*args, **kwargs)
  File "/workspace/frappe-bench/apps/erpnext/erpnext/accounts/doctype/sales_invoice/sales_invoice.py", line 510, in on_submit
    self.make_gl_entries()
    ~~~~~~~~~~~~~~~~~~~~^^
  File "/workspace/frappe-bench/apps/erpnext/erpnext/accounts/doctype/sales_invoice/sales_invoice.py", line 1607, in make_gl_entries
    make_gl_entries(
    ~~~~~~~~~~~~~~~^
    	gl_entries,
     ^^^^^^^^^^^
    ...<2 lines>...
    	from_repost=from_repost,
     ^^^^^^^^^^^^^^^^^^^^^^^^
    )
    ^
  File "/workspace/frappe-bench/apps/erpnext/erpnext/accounts/general_ledger.py", line 53, in make_gl_entries
    create_payment_ledger_entry(
    ~~~~~~~~~~~~~~~~~~~~~~~~~~~^
    	gl_map,
     ^^^^^^^
    ...<3 lines>...
    	from_repost=from_repost,
     ^^^^^^^^^^^^^^^^^^^^^^^^
    )
    ^
  File "/workspace/frappe-bench/apps/erpnext/erpnext/accounts/utils.py", line 2138, in create_payment_ledger_entry
    ple.submit()
    ~~~~~~~~~~^^
  File "/workspace/frappe-bench/apps/frappe/frappe/utils/typing_validations.py", line 36, in wrapper
    return func(*args, **kwargs)
  File "/workspace/frappe-bench/apps/frappe/frappe/model/document.py", line 1349, in submit
    return self._submit()
           ~~~~~~~~~~~~^^
  File "/workspace/frappe-bench/apps/frappe/frappe/model/document.py", line 1330, in _submit
    return self.save()
           ~~~~~~~~~^^
  File "/workspace/frappe-bench/apps/frappe/frappe/model/document.py", line 557, in save
    return self._save(*args, **kwargs)
           ~~~~~~~~~~^^^^^^^^^^^^^^^^^
  File "/workspace/frappe-bench/apps/frappe/frappe/model/document.py", line 579, in _save
    return self.insert()
           ~~~~~~~~~~~^^
  File "/workspace/frappe-bench/apps/frappe/frappe/model/document.py", line 513, in insert
    self.run_post_save_methods()
    ~~~~~~~~~~~~~~~~~~~~~~~~~~^^
  File "/workspace/frappe-bench/apps/frappe/frappe/model/document.py", line 1456, in run_post_save_methods
    self.run_method("on_update")
    ~~~~~~~~~~~~~~~^^^^^^^^^^^^^
  File "/workspace/frappe-bench/apps/frappe/frappe/model/document.py", line 1260, in run_method
    out = Document.hook(fn)(self, *args, **kwargs)
  File "/workspace/frappe-bench/apps/frappe/frappe/model/document.py", line 1661, in composer
    return composed(self, method, *args, **kwargs)
  File "/workspace/frappe-bench/apps/frappe/frappe/model/document.py", line 1635, in runner
    add_to_return_value(self, fn(self, *args, **kwargs))
                              ~~^^^^^^^^^^^^^^^^^^^^^^^
  File "/workspace/frappe-bench/apps/frappe/frappe/model/document.py", line 1257, in fn
    return method_object(*args, **kwargs)
  File "/workspace/frappe-bench/apps/erpnext/erpnext/accounts/doctype/payment_ledger_entry/payment_ledger_entry.py", line 174, in on_update
    update_voucher_outstanding(
    ~~~~~~~~~~~~~~~~~~~~~~~~~~^
    	self.against_voucher_type, self.against_voucher_no, self.account, self.party_type, self.party
     ^^^^^^^^^^^^^^^^^^^^^^^^^^^^^^^^^^^^^^^^^^^^^^^^^^^^^^^^^^^^^^^^^^^^^^^^^^^^^^^^^^^^^^^^^^^^^
    )
    ^
  File "/workspace/frappe-bench/apps/erpnext/erpnext/accounts/utils.py", line 2167, in update_voucher_outstanding
    voucher_outstanding = ple_query.get_voucher_outstandings(vouchers, common_filter=common_filter)
  File "/workspace/frappe-bench/apps/erpnext/erpnext/accounts/utils.py", line 2487, in get_voucher_outstandings
    self.query_for_outstanding()
    ~~~~~~~~~~~~~~~~~~~~~~~~~~^^
  File "/workspace/frappe-bench/apps/erpnext/erpnext/accounts/utils.py", line 2450, in query_for_outstanding
    self.voucher_outstandings = self.cte_query_voucher_amount_and_outstanding.run(as_dict=True)
                                ~~~~~~~~~~~~~~~~~~~~~~~~~~~~~~~~~~~~~~~~~~~~~~~~~^^^^^^^^^^^^^^
  File "/workspace/frappe-bench/apps/frappe/frappe/query_builder/utils.py", line 139, in execute_query
    result = frappe.local.db.sql(query, params, *args, **kwargs)  # nosemgrep
  File "/workspace/frappe-bench/apps/frappe/frappe/database/postgres/database.py", line 234, in sql
    return super().sql(modify_query(query), modify_values(values), *args, **kwargs)
           ~~~~~~~~~~~^^^^^^^^^^^^^^^^^^^^^^^^^^^^^^^^^^^^^^^^^^^^^^^^^^^^^^^^^^^^^
  File "/workspace/frappe-bench/apps/frappe/frappe/database/database.py", line 272, in sql
    self.execute_query(query, values)
    ~~~~~~~~~~~~~~~~~~^^^^^^^^^^^^^^^
  File "/workspace/frappe-bench/apps/frappe/frappe/database/database.py", line 372, in execute_query
    return self._cursor.execute(query, values)
           ~~~~~~~~~~~~~~~~~~~~^^^^^^^^^^^^^^^
psycopg2.errors.GroupingError: column "tabPayment Ledger Entry.account" must appear in the GROUP BY clause or be used in an aggregate function
LINE 1: WITH vouchers AS (SELECT "account","voucher_type","voucher_n...
                                 ^

Traceback (most recent call last):
  File "/workspace/frappe-bench/generate_run.py", line 408, in <module>
    pr.submit()
    ~~~~~~~~~^^
  File "/workspace/frappe-bench/apps/frappe/frappe/utils/typing_validations.py", line 36, in wrapper
    return func(*args, **kwargs)
  File "/workspace/frappe-bench/apps/frappe/frappe/model/document.py", line 1349, in submit
    return self._submit()
           ~~~~~~~~~~~~^^
  File "/workspace/frappe-bench/apps/frappe/frappe/model/document.py", line 1330, in _submit
    return self.save()
           ~~~~~~~~~^^
  File "/workspace/frappe-bench/apps/frappe/frappe/model/document.py", line 557, in save
    return self._save(*args, **kwargs)
           ~~~~~~~~~~^^^^^^^^^^^^^^^^^
  File "/workspace/frappe-bench/apps/frappe/frappe/model/document.py", line 612, in _save
    self.run_post_save_methods()
    ~~~~~~~~~~~~~~~~~~~~~~~~~~^^
  File "/workspace/frappe-bench/apps/frappe/frappe/model/document.py", line 1457, in run_post_save_methods
    self.run_method("on_submit")
    ~~~~~~~~~~~~~~~^^^^^^^^^^^^^
  File "/workspace/frappe-bench/apps/frappe/frappe/model/document.py", line 1260, in run_method
    out = Document.hook(fn)(self, *args, **kwargs)
  File "/workspace/frappe-bench/apps/frappe/frappe/model/document.py", line 1661, in composer
    return composed(self, method, *args, **kwargs)
  File "/workspace/frappe-bench/apps/frappe/frappe/model/document.py", line 1635, in runner
    add_to_return_value(self, fn(self, *args, **kwargs))
                              ~~^^^^^^^^^^^^^^^^^^^^^^^
  File "/workspace/frappe-bench/apps/frappe/frappe/model/document.py", line 1257, in fn
    return method_object(*args, **kwargs)
  File "/workspace/frappe-bench/apps/erpnext/erpnext/stock/doctype/purchase_receipt/purchase_receipt.py", line 395, in on_submit
    self.update_stock_ledger()
    ~~~~~~~~~~~~~~~~~~~~~~~~^^
  File "/workspace/frappe-bench/apps/erpnext/erpnext/controllers/buying_controller.py", line 944, in update_stock_ledger
    self.make_sl_entries(
    ~~~~~~~~~~~~~~~~~~~~^
    	sl_entries,
     ^^^^^^^^^^^
    	allow_negative_stock=allow_negative_stock,
     ^^^^^^^^^^^^^^^^^^^^^^^^^^^^^^^^^^^^^^^^^^
    	via_landed_cost_voucher=via_landed_cost_voucher,
     ^^^^^^^^^^^^^^^^^^^^^^^^^^^^^^^^^^^^^^^^^^^^^^^^
    )
    ^
  File "/workspace/frappe-bench/apps/erpnext/erpnext/controllers/stock_controller.py", line 1432, in make_sl_entries
    make_sl_entries(sl_entries, allow_negative_stock, via_landed_cost_voucher)
    ~~~~~~~~~~~~~~~^^^^^^^^^^^^^^^^^^^^^^^^^^^^^^^^^^^^^^^^^^^^^^^^^^^^^^^^^^^
  File "/workspace/frappe-bench/apps/erpnext/erpnext/stock/stock_ledger.py", line 98, in make_sl_entries
    validate_stock_frozen_by_closing_entry(sl_entries)
    ~~~~~~~~~~~~~~~~~~~~~~~~~~~~~~~~~~~~~~^^^^^^^^^^^^
  File "/workspace/frappe-bench/apps/erpnext/erpnext/stock/stock_ledger.py", line 67, in validate_stock_frozen_by_closing_entry
    closing_entry = get_closing_entry_for_closed_period(company)
  File "/workspace/frappe-bench/apps/erpnext/erpnext/stock/doctype/stock_closing_entry/stock_closing_entry.py", line 30, in get_closing_entry_for_closed_period
    	closed_upto = frappe.db.sql(
                   ~~~~~~~~~~~~~^
     	'SELECT MAX(period_end_date) FROM "tabPeriod Closing Voucher" WHERE docstatus=1 AND company=%s',
      ^^^^^^^^^^^^^^^^^^^^^^^^^^^^^^^^^^^^^^^^^^^^^^^^^^^^^^^^^^^^^^^^^^^^^^^^^^^^^^^^^^^^^^^^^^^^^^^^
     	company,
      ^^^^^^^^
     	as_scalar=True,
      ^^^^^^^^^^^^^^^
     )
     ^
  File "/workspace/frappe-bench/apps/frappe/frappe/database/postgres/database.py", line 234, in sql
    return super().sql(modify_query(query), modify_values(values), *args, **kwargs)
           ~~~~~~~~~~~^^^^^^^^^^^^^^^^^^^^^^^^^^^^^^^^^^^^^^^^^^^^^^^^^^^^^^^^^^^^^
TypeError: Database.sql() got an unexpected keyword argument 'as_scalar'
Traceback (most recent call last):
  File "/workspace/frappe-bench/generate_run.py", line 504, in <module>
    se.submit()
    ~~~~~~~~~^^
  File "/workspace/frappe-bench/apps/frappe/frappe/utils/typing_validations.py", line 36, in wrapper
    return func(*args, **kwargs)
  File "/workspace/frappe-bench/apps/frappe/frappe/model/document.py", line 1349, in submit
    return self._submit()
           ~~~~~~~~~~~~^^
  File "/workspace/frappe-bench/apps/frappe/frappe/model/document.py", line 1330, in _submit
    return self.save()
           ~~~~~~~~~^^
  File "/workspace/frappe-bench/apps/frappe/frappe/model/document.py", line 557, in save
    return self._save(*args, **kwargs)
           ~~~~~~~~~~^^^^^^^^^^^^^^^^^
  File "/workspace/frappe-bench/apps/frappe/frappe/model/document.py", line 612, in _save
    self.run_post_save_methods()
    ~~~~~~~~~~~~~~~~~~~~~~~~~~^^
  File "/workspace/frappe-bench/apps/frappe/frappe/model/document.py", line 1457, in run_post_save_methods
    self.run_method("on_submit")
    ~~~~~~~~~~~~~~~^^^^^^^^^^^^^
  File "/workspace/frappe-bench/apps/frappe/frappe/model/document.py", line 1260, in run_method
    out = Document.hook(fn)(self, *args, **kwargs)
  File "/workspace/frappe-bench/apps/frappe/frappe/model/document.py", line 1661, in composer
    return composed(self, method, *args, **kwargs)
  File "/workspace/frappe-bench/apps/frappe/frappe/model/document.py", line 1635, in runner
    add_to_return_value(self, fn(self, *args, **kwargs))
                              ~~^^^^^^^^^^^^^^^^^^^^^^^
  File "/workspace/frappe-bench/apps/frappe/frappe/model/document.py", line 1257, in fn
    return method_object(*args, **kwargs)
  File "/workspace/frappe-bench/apps/erpnext/erpnext/stock/doctype/stock_entry/stock_entry.py", line 572, in on_submit
    self.update_stock_ledger()
    ~~~~~~~~~~~~~~~~~~~~~~~~^^
  File "/workspace/frappe-bench/apps/erpnext/erpnext/stock/doctype/stock_entry/stock_entry.py", line 2227, in update_stock_ledger
    self.make_sl_entries(
    ~~~~~~~~~~~~~~~~~~~~^
    	sl_entries,
     ^^^^^^^^^^^
    	allow_negative_stock=allow_negative_stock,
     ^^^^^^^^^^^^^^^^^^^^^^^^^^^^^^^^^^^^^^^^^^
    	via_landed_cost_voucher=via_landed_cost_voucher,
     ^^^^^^^^^^^^^^^^^^^^^^^^^^^^^^^^^^^^^^^^^^^^^^^^
    )
    ^
  File "/workspace/frappe-bench/apps/erpnext/erpnext/controllers/stock_controller.py", line 1432, in make_sl_entries
    make_sl_entries(sl_entries, allow_negative_stock, via_landed_cost_voucher)
    ~~~~~~~~~~~~~~~^^^^^^^^^^^^^^^^^^^^^^^^^^^^^^^^^^^^^^^^^^^^^^^^^^^^^^^^^^^
  File "/workspace/frappe-bench/apps/erpnext/erpnext/stock/stock_ledger.py", line 98, in make_sl_entries
    validate_stock_frozen_by_closing_entry(sl_entries)
    ~~~~~~~~~~~~~~~~~~~~~~~~~~~~~~~~~~~~~~^^^^^^^^^^^^
  File "/workspace/frappe-bench/apps/erpnext/erpnext/stock/stock_ledger.py", line 67, in validate_stock_frozen_by_closing_entry
    closing_entry = get_closing_entry_for_closed_period(company)
  File "/workspace/frappe-bench/apps/erpnext/erpnext/stock/doctype/stock_closing_entry/stock_closing_entry.py", line 30, in get_closing_entry_for_closed_period
    	closed_upto = frappe.db.sql(
                   ~~~~~~~~~~~~~^
     	'SELECT MAX(period_end_date) FROM "tabPeriod Closing Voucher" WHERE docstatus=1 AND company=%s',
      ^^^^^^^^^^^^^^^^^^^^^^^^^^^^^^^^^^^^^^^^^^^^^^^^^^^^^^^^^^^^^^^^^^^^^^^^^^^^^^^^^^^^^^^^^^^^^^^^
     	company,
      ^^^^^^^^
     	as_scalar=True,
      ^^^^^^^^^^^^^^^
     )
     ^
  File "/workspace/frappe-bench/apps/frappe/frappe/database/postgres/database.py", line 234, in sql
    return super().sql(modify_query(query), modify_values(values), *args, **kwargs)
           ~~~~~~~~~~~^^^^^^^^^^^^^^^^^^^^^^^^^^^^^^^^^^^^^^^^^^^^^^^^^^^^^^^^^^^^^
TypeError: Database.sql() got an unexpected keyword argument 'as_scalar'
  File "/workspace/frappe-bench/generate_run.py", line 308, in <module>
    sinv.submit()
  File "/workspace/frappe-bench/apps/frappe/frappe/utils/typing_validations.py", line 36, in wrapper
    return func(*args, **kwargs)
  File "/workspace/frappe-bench/apps/frappe/frappe/model/document.py", line 1349, in submit
    return self._submit()
  File "/workspace/frappe-bench/apps/frappe/frappe/model/document.py", line 1330, in _submit
    return self.save()
  File "/workspace/frappe-bench/apps/frappe/frappe/model/document.py", line 557, in save
    return self._save(*args, **kwargs)
  File "/workspace/frappe-bench/apps/frappe/frappe/model/document.py", line 612, in _save
    self.run_post_save_methods()
  File "/workspace/frappe-bench/apps/frappe/frappe/model/document.py", line 1457, in run_post_save_methods
    self.run_method("on_submit")
  File "/workspace/frappe-bench/apps/frappe/frappe/model/document.py", line 1260, in run_method
    out = Document.hook(fn)(self, *args, **kwargs)
  File "/workspace/frappe-bench/apps/frappe/frappe/model/document.py", line 1661, in composer
    return composed(self, method, *args, **kwargs)
  File "/workspace/frappe-bench/apps/frappe/frappe/model/document.py", line 1635, in runner
    add_to_return_value(self, fn(self, *args, **kwargs))
  File "/workspace/frappe-bench/apps/frappe/frappe/model/document.py", line 1257, in fn
    return method_object(*args, **kwargs)
  File "/workspace/frappe-bench/apps/erpnext/erpnext/accounts/doctype/sales_invoice/sales_invoice.py", line 510, in on_submit
    self.make_gl_entries()
  File "/workspace/frappe-bench/apps/erpnext/erpnext/accounts/doctype/sales_invoice/sales_invoice.py", line 1607, in make_gl_entries
    make_gl_entries(
  File "/workspace/frappe-bench/apps/erpnext/erpnext/accounts/general_ledger.py", line 53, in make_gl_entries
    create_payment_ledger_entry(
  File "/workspace/frappe-bench/apps/erpnext/erpnext/accounts/utils.py", line 2138, in create_payment_ledger_entry
    ple.submit()
  File "/workspace/frappe-bench/apps/frappe/frappe/utils/typing_validations.py", line 36, in wrapper
    return func(*args, **kwargs)
  File "/workspace/frappe-bench/apps/frappe/frappe/model/document.py", line 1349, in submit
    return self._submit()
  File "/workspace/frappe-bench/apps/frappe/frappe/model/document.py", line 1330, in _submit
    return self.save()
  File "/workspace/frappe-bench/apps/frappe/frappe/model/document.py", line 557, in save
    return self._save(*args, **kwargs)
  File "/workspace/frappe-bench/apps/frappe/frappe/model/document.py", line 579, in _save
    return self.insert()
  File "/workspace/frappe-bench/apps/frappe/frappe/model/document.py", line 513, in insert
    self.run_post_save_methods()
  File "/workspace/frappe-bench/apps/frappe/frappe/model/document.py", line 1456, in run_post_save_methods
    self.run_method("on_update")
  File "/workspace/frappe-bench/apps/frappe/frappe/model/document.py", line 1260, in run_method
    out = Document.hook(fn)(self, *args, **kwargs)
  File "/workspace/frappe-bench/apps/frappe/frappe/model/document.py", line 1661, in composer
    return composed(self, method, *args, **kwargs)
  File "/workspace/frappe-bench/apps/frappe/frappe/model/document.py", line 1635, in runner
    add_to_return_value(self, fn(self, *args, **kwargs))
  File "/workspace/frappe-bench/apps/frappe/frappe/model/document.py", line 1257, in fn
    return method_object(*args, **kwargs)
  File "/workspace/frappe-bench/apps/erpnext/erpnext/accounts/doctype/payment_ledger_entry/payment_ledger_entry.py", line 174, in on_update
    update_voucher_outstanding(
  File "/workspace/frappe-bench/apps/erpnext/erpnext/accounts/utils.py", line 2167, in update_voucher_outstanding
    voucher_outstanding = ple_query.get_voucher_outstandings(vouchers, common_filter=common_filter)
  File "/workspace/frappe-bench/apps/erpnext/erpnext/accounts/utils.py", line 2487, in get_voucher_outstandings
    self.query_for_outstanding()
  File "/workspace/frappe-bench/apps/erpnext/erpnext/accounts/utils.py", line 2450, in query_for_outstanding
    self.voucher_outstandings = self.cte_query_voucher_amount_and_outstanding.run(as_dict=True)
  File "/workspace/frappe-bench/apps/frappe/frappe/query_builder/utils.py", line 139, in execute_query
    result = frappe.local.db.sql(query, params, *args, **kwargs)  # nosemgrep
  File "/workspace/frappe-bench/apps/frappe/frappe/database/postgres/database.py", line 234, in sql
    return super().sql(modify_query(query), modify_values(values), *args, **kwargs)
  File "/workspace/frappe-bench/apps/frappe/frappe/database/database.py", line 294, in sql
    traceback.print_stack()
Error in query:
column "tabPayment Ledger Entry.account" must appear in the GROUP BY clause or be used in an aggregate function
LINE 1: WITH vouchers AS (SELECT "account","voucher_type","voucher_n...
                                 ^

Traceback (most recent call last):
  File "/workspace/frappe-bench/generate_run.py", line 308, in <module>
    sinv.submit()
    ~~~~~~~~~~~^^
  File "/workspace/frappe-bench/apps/frappe/frappe/utils/typing_validations.py", line 36, in wrapper
    return func(*args, **kwargs)
  File "/workspace/frappe-bench/apps/frappe/frappe/model/document.py", line 1349, in submit
    return self._submit()
           ~~~~~~~~~~~~^^
  File "/workspace/frappe-bench/apps/frappe/frappe/model/document.py", line 1330, in _submit
    return self.save()
           ~~~~~~~~~^^
  File "/workspace/frappe-bench/apps/frappe/frappe/model/document.py", line 557, in save
    return self._save(*args, **kwargs)
           ~~~~~~~~~~^^^^^^^^^^^^^^^^^
  File "/workspace/frappe-bench/apps/frappe/frappe/model/document.py", line 612, in _save
    self.run_post_save_methods()
    ~~~~~~~~~~~~~~~~~~~~~~~~~~^^
  File "/workspace/frappe-bench/apps/frappe/frappe/model/document.py", line 1457, in run_post_save_methods
    self.run_method("on_submit")
    ~~~~~~~~~~~~~~~^^^^^^^^^^^^^
  File "/workspace/frappe-bench/apps/frappe/frappe/model/document.py", line 1260, in run_method
    out = Document.hook(fn)(self, *args, **kwargs)
  File "/workspace/frappe-bench/apps/frappe/frappe/model/document.py", line 1661, in composer
    return composed(self, method, *args, **kwargs)
  File "/workspace/frappe-bench/apps/frappe/frappe/model/document.py", line 1635, in runner
    add_to_return_value(self, fn(self, *args, **kwargs))
                              ~~^^^^^^^^^^^^^^^^^^^^^^^
  File "/workspace/frappe-bench/apps/frappe/frappe/model/document.py", line 1257, in fn
    return method_object(*args, **kwargs)
  File "/workspace/frappe-bench/apps/erpnext/erpnext/accounts/doctype/sales_invoice/sales_invoice.py", line 510, in on_submit
    self.make_gl_entries()
    ~~~~~~~~~~~~~~~~~~~~^^
  File "/workspace/frappe-bench/apps/erpnext/erpnext/accounts/doctype/sales_invoice/sales_invoice.py", line 1607, in make_gl_entries
    make_gl_entries(
    ~~~~~~~~~~~~~~~^
    	gl_entries,
     ^^^^^^^^^^^
    ...<2 lines>...
    	from_repost=from_repost,
     ^^^^^^^^^^^^^^^^^^^^^^^^
    )
    ^
  File "/workspace/frappe-bench/apps/erpnext/erpnext/accounts/general_ledger.py", line 53, in make_gl_entries
    create_payment_ledger_entry(
    ~~~~~~~~~~~~~~~~~~~~~~~~~~~^
    	gl_map,
     ^^^^^^^
    ...<3 lines>...
    	from_repost=from_repost,
     ^^^^^^^^^^^^^^^^^^^^^^^^
    )
    ^
  File "/workspace/frappe-bench/apps/erpnext/erpnext/accounts/utils.py", line 2138, in create_payment_ledger_entry
    ple.submit()
    ~~~~~~~~~~^^
  File "/workspace/frappe-bench/apps/frappe/frappe/utils/typing_validations.py", line 36, in wrapper
    return func(*args, **kwargs)
  File "/workspace/frappe-bench/apps/frappe/frappe/model/document.py", line 1349, in submit
    return self._submit()
           ~~~~~~~~~~~~^^
  File "/workspace/frappe-bench/apps/frappe/frappe/model/document.py", line 1330, in _submit
    return self.save()
           ~~~~~~~~~^^
  File "/workspace/frappe-bench/apps/frappe/frappe/model/document.py", line 557, in save
    return self._save(*args, **kwargs)
           ~~~~~~~~~~^^^^^^^^^^^^^^^^^
  File "/workspace/frappe-bench/apps/frappe/frappe/model/document.py", line 579, in _save
    return self.insert()
           ~~~~~~~~~~~^^
  File "/workspace/frappe-bench/apps/frappe/frappe/model/document.py", line 513, in insert
    self.run_post_save_methods()
    ~~~~~~~~~~~~~~~~~~~~~~~~~~^^
  File "/workspace/frappe-bench/apps/frappe/frappe/model/document.py", line 1456, in run_post_save_methods
    self.run_method("on_update")
    ~~~~~~~~~~~~~~~^^^^^^^^^^^^^
  File "/workspace/frappe-bench/apps/frappe/frappe/model/document.py", line 1260, in run_method
    out = Document.hook(fn)(self, *args, **kwargs)
  File "/workspace/frappe-bench/apps/frappe/frappe/model/document.py", line 1661, in composer
    return composed(self, method, *args, **kwargs)
  File "/workspace/frappe-bench/apps/frappe/frappe/model/document.py", line 1635, in runner
    add_to_return_value(self, fn(self, *args, **kwargs))
                              ~~^^^^^^^^^^^^^^^^^^^^^^^
  File "/workspace/frappe-bench/apps/frappe/frappe/model/document.py", line 1257, in fn
    return method_object(*args, **kwargs)
  File "/workspace/frappe-bench/apps/erpnext/erpnext/accounts/doctype/payment_ledger_entry/payment_ledger_entry.py", line 174, in on_update
    update_voucher_outstanding(
    ~~~~~~~~~~~~~~~~~~~~~~~~~~^
    	self.against_voucher_type, self.against_voucher_no, self.account, self.party_type, self.party
     ^^^^^^^^^^^^^^^^^^^^^^^^^^^^^^^^^^^^^^^^^^^^^^^^^^^^^^^^^^^^^^^^^^^^^^^^^^^^^^^^^^^^^^^^^^^^^
    )
    ^
  File "/workspace/frappe-bench/apps/erpnext/erpnext/accounts/utils.py", line 2167, in update_voucher_outstanding
    voucher_outstanding = ple_query.get_voucher_outstandings(vouchers, common_filter=common_filter)
  File "/workspace/frappe-bench/apps/erpnext/erpnext/accounts/utils.py", line 2487, in get_voucher_outstandings
    self.query_for_outstanding()
    ~~~~~~~~~~~~~~~~~~~~~~~~~~^^
  File "/workspace/frappe-bench/apps/erpnext/erpnext/accounts/utils.py", line 2450, in query_for_outstanding
    self.voucher_outstandings = self.cte_query_voucher_amount_and_outstanding.run(as_dict=True)
                                ~~~~~~~~~~~~~~~~~~~~~~~~~~~~~~~~~~~~~~~~~~~~~~~~~^^^^^^^^^^^^^^
  File "/workspace/frappe-bench/apps/frappe/frappe/query_builder/utils.py", line 139, in execute_query
    result = frappe.local.db.sql(query, params, *args, **kwargs)  # nosemgrep
  File "/workspace/frappe-bench/apps/frappe/frappe/database/postgres/database.py", line 234, in sql
    return super().sql(modify_query(query), modify_values(values), *args, **kwargs)
           ~~~~~~~~~~~^^^^^^^^^^^^^^^^^^^^^^^^^^^^^^^^^^^^^^^^^^^^^^^^^^^^^^^^^^^^^
  File "/workspace/frappe-bench/apps/frappe/frappe/database/database.py", line 272, in sql
    self.execute_query(query, values)
    ~~~~~~~~~~~~~~~~~~^^^^^^^^^^^^^^^
  File "/workspace/frappe-bench/apps/frappe/frappe/database/database.py", line 372, in execute_query
    return self._cursor.execute(query, values)
           ~~~~~~~~~~~~~~~~~~~~^^^^^^^^^^^^^^^
psycopg2.errors.GroupingError: column "tabPayment Ledger Entry.account" must appear in the GROUP BY clause or be used in an aggregate function
LINE 1: WITH vouchers AS (SELECT "account","voucher_type","voucher_n...
                                 ^

Traceback (most recent call last):
  File "/workspace/frappe-bench/generate_run.py", line 408, in <module>
    pr.submit()
    ~~~~~~~~~^^
  File "/workspace/frappe-bench/apps/frappe/frappe/utils/typing_validations.py", line 36, in wrapper
    return func(*args, **kwargs)
  File "/workspace/frappe-bench/apps/frappe/frappe/model/document.py", line 1349, in submit
    return self._submit()
           ~~~~~~~~~~~~^^
  File "/workspace/frappe-bench/apps/frappe/frappe/model/document.py", line 1330, in _submit
    return self.save()
           ~~~~~~~~~^^
  File "/workspace/frappe-bench/apps/frappe/frappe/model/document.py", line 557, in save
    return self._save(*args, **kwargs)
           ~~~~~~~~~~^^^^^^^^^^^^^^^^^
  File "/workspace/frappe-bench/apps/frappe/frappe/model/document.py", line 612, in _save
    self.run_post_save_methods()
    ~~~~~~~~~~~~~~~~~~~~~~~~~~^^
  File "/workspace/frappe-bench/apps/frappe/frappe/model/document.py", line 1457, in run_post_save_methods
    self.run_method("on_submit")
    ~~~~~~~~~~~~~~~^^^^^^^^^^^^^
  File "/workspace/frappe-bench/apps/frappe/frappe/model/document.py", line 1260, in run_method
    out = Document.hook(fn)(self, *args, **kwargs)
  File "/workspace/frappe-bench/apps/frappe/frappe/model/document.py", line 1661, in composer
    return composed(self, method, *args, **kwargs)
  File "/workspace/frappe-bench/apps/frappe/frappe/model/document.py", line 1635, in runner
    add_to_return_value(self, fn(self, *args, **kwargs))
                              ~~^^^^^^^^^^^^^^^^^^^^^^^
  File "/workspace/frappe-bench/apps/frappe/frappe/model/document.py", line 1257, in fn
    return method_object(*args, **kwargs)
  File "/workspace/frappe-bench/apps/erpnext/erpnext/stock/doctype/purchase_receipt/purchase_receipt.py", line 395, in on_submit
    self.update_stock_ledger()
    ~~~~~~~~~~~~~~~~~~~~~~~~^^
  File "/workspace/frappe-bench/apps/erpnext/erpnext/controllers/buying_controller.py", line 944, in update_stock_ledger
    self.make_sl_entries(
    ~~~~~~~~~~~~~~~~~~~~^
    	sl_entries,
     ^^^^^^^^^^^
    	allow_negative_stock=allow_negative_stock,
     ^^^^^^^^^^^^^^^^^^^^^^^^^^^^^^^^^^^^^^^^^^
    	via_landed_cost_voucher=via_landed_cost_voucher,
     ^^^^^^^^^^^^^^^^^^^^^^^^^^^^^^^^^^^^^^^^^^^^^^^^
    )
    ^
  File "/workspace/frappe-bench/apps/erpnext/erpnext/controllers/stock_controller.py", line 1432, in make_sl_entries
    make_sl_entries(sl_entries, allow_negative_stock, via_landed_cost_voucher)
    ~~~~~~~~~~~~~~~^^^^^^^^^^^^^^^^^^^^^^^^^^^^^^^^^^^^^^^^^^^^^^^^^^^^^^^^^^^
  File "/workspace/frappe-bench/apps/erpnext/erpnext/stock/stock_ledger.py", line 98, in make_sl_entries
    validate_stock_frozen_by_closing_entry(sl_entries)
    ~~~~~~~~~~~~~~~~~~~~~~~~~~~~~~~~~~~~~~^^^^^^^^^^^^
  File "/workspace/frappe-bench/apps/erpnext/erpnext/stock/stock_ledger.py", line 67, in validate_stock_frozen_by_closing_entry
    closing_entry = get_closing_entry_for_closed_period(company)
  File "/workspace/frappe-bench/apps/erpnext/erpnext/stock/doctype/stock_closing_entry/stock_closing_entry.py", line 30, in get_closing_entry_for_closed_period
    	closed_upto = frappe.db.sql(
                   ~~~~~~~~~~~~~^
     	'SELECT MAX(period_end_date) FROM "tabPeriod Closing Voucher" WHERE docstatus=1 AND company=%s',
      ^^^^^^^^^^^^^^^^^^^^^^^^^^^^^^^^^^^^^^^^^^^^^^^^^^^^^^^^^^^^^^^^^^^^^^^^^^^^^^^^^^^^^^^^^^^^^^^^
     	company,
      ^^^^^^^^
     	as_scalar=True,
      ^^^^^^^^^^^^^^^
     )
     ^
  File "/workspace/frappe-bench/apps/frappe/frappe/database/postgres/database.py", line 234, in sql
    return super().sql(modify_query(query), modify_values(values), *args, **kwargs)
           ~~~~~~~~~~~^^^^^^^^^^^^^^^^^^^^^^^^^^^^^^^^^^^^^^^^^^^^^^^^^^^^^^^^^^^^^
TypeError: Database.sql() got an unexpected keyword argument 'as_scalar'
Traceback (most recent call last):
  File "/workspace/frappe-bench/generate_run.py", line 504, in <module>
    se.submit()
    ~~~~~~~~~^^
  File "/workspace/frappe-bench/apps/frappe/frappe/utils/typing_validations.py", line 36, in wrapper
    return func(*args, **kwargs)
  File "/workspace/frappe-bench/apps/frappe/frappe/model/document.py", line 1349, in submit
    return self._submit()
           ~~~~~~~~~~~~^^
  File "/workspace/frappe-bench/apps/frappe/frappe/model/document.py", line 1330, in _submit
    return self.save()
           ~~~~~~~~~^^
  File "/workspace/frappe-bench/apps/frappe/frappe/model/document.py", line 557, in save
    return self._save(*args, **kwargs)
           ~~~~~~~~~~^^^^^^^^^^^^^^^^^
  File "/workspace/frappe-bench/apps/frappe/frappe/model/document.py", line 612, in _save
    self.run_post_save_methods()
    ~~~~~~~~~~~~~~~~~~~~~~~~~~^^
  File "/workspace/frappe-bench/apps/frappe/frappe/model/document.py", line 1457, in run_post_save_methods
    self.run_method("on_submit")
    ~~~~~~~~~~~~~~~^^^^^^^^^^^^^
  File "/workspace/frappe-bench/apps/frappe/frappe/model/document.py", line 1260, in run_method
    out = Document.hook(fn)(self, *args, **kwargs)
  File "/workspace/frappe-bench/apps/frappe/frappe/model/document.py", line 1661, in composer
    return composed(self, method, *args, **kwargs)
  File "/workspace/frappe-bench/apps/frappe/frappe/model/document.py", line 1635, in runner
    add_to_return_value(self, fn(self, *args, **kwargs))
                              ~~^^^^^^^^^^^^^^^^^^^^^^^
  File "/workspace/frappe-bench/apps/frappe/frappe/model/document.py", line 1257, in fn
    return method_object(*args, **kwargs)
  File "/workspace/frappe-bench/apps/erpnext/erpnext/stock/doctype/stock_entry/stock_entry.py", line 572, in on_submit
    self.update_stock_ledger()
    ~~~~~~~~~~~~~~~~~~~~~~~~^^
  File "/workspace/frappe-bench/apps/erpnext/erpnext/stock/doctype/stock_entry/stock_entry.py", line 2227, in update_stock_ledger
    self.make_sl_entries(
    ~~~~~~~~~~~~~~~~~~~~^
    	sl_entries,
     ^^^^^^^^^^^
    	allow_negative_stock=allow_negative_stock,
     ^^^^^^^^^^^^^^^^^^^^^^^^^^^^^^^^^^^^^^^^^^
    	via_landed_cost_voucher=via_landed_cost_voucher,
     ^^^^^^^^^^^^^^^^^^^^^^^^^^^^^^^^^^^^^^^^^^^^^^^^
    )
    ^
  File "/workspace/frappe-bench/apps/erpnext/erpnext/controllers/stock_controller.py", line 1432, in make_sl_entries
    make_sl_entries(sl_entries, allow_negative_stock, via_landed_cost_voucher)
    ~~~~~~~~~~~~~~~^^^^^^^^^^^^^^^^^^^^^^^^^^^^^^^^^^^^^^^^^^^^^^^^^^^^^^^^^^^
  File "/workspace/frappe-bench/apps/erpnext/erpnext/stock/stock_ledger.py", line 98, in make_sl_entries
    validate_stock_frozen_by_closing_entry(sl_entries)
    ~~~~~~~~~~~~~~~~~~~~~~~~~~~~~~~~~~~~~~^^^^^^^^^^^^
  File "/workspace/frappe-bench/apps/erpnext/erpnext/stock/stock_ledger.py", line 67, in validate_stock_frozen_by_closing_entry
    closing_entry = get_closing_entry_for_closed_period(company)
  File "/workspace/frappe-bench/apps/erpnext/erpnext/stock/doctype/stock_closing_entry/stock_closing_entry.py", line 30, in get_closing_entry_for_closed_period
    	closed_upto = frappe.db.sql(
                   ~~~~~~~~~~~~~^
     	'SELECT MAX(period_end_date) FROM "tabPeriod Closing Voucher" WHERE docstatus=1 AND company=%s',
      ^^^^^^^^^^^^^^^^^^^^^^^^^^^^^^^^^^^^^^^^^^^^^^^^^^^^^^^^^^^^^^^^^^^^^^^^^^^^^^^^^^^^^^^^^^^^^^^^
     	company,
      ^^^^^^^^
     	as_scalar=True,
      ^^^^^^^^^^^^^^^
     )
     ^
  File "/workspace/frappe-bench/apps/frappe/frappe/database/postgres/database.py", line 234, in sql
    return super().sql(modify_query(query), modify_values(values), *args, **kwargs)
           ~~~~~~~~~~~^^^^^^^^^^^^^^^^^^^^^^^^^^^^^^^^^^^^^^^^^^^^^^^^^^^^^^^^^^^^^
TypeError: Database.sql() got an unexpected keyword argument 'as_scalar'
  File "/workspace/frappe-bench/generate_run.py", line 308, in <module>
    sinv.submit()
  File "/workspace/frappe-bench/apps/frappe/frappe/utils/typing_validations.py", line 36, in wrapper
    return func(*args, **kwargs)
  File "/workspace/frappe-bench/apps/frappe/frappe/model/document.py", line 1349, in submit
    return self._submit()
  File "/workspace/frappe-bench/apps/frappe/frappe/model/document.py", line 1330, in _submit
    return self.save()
  File "/workspace/frappe-bench/apps/frappe/frappe/model/document.py", line 557, in save
    return self._save(*args, **kwargs)
  File "/workspace/frappe-bench/apps/frappe/frappe/model/document.py", line 612, in _save
    self.run_post_save_methods()
  File "/workspace/frappe-bench/apps/frappe/frappe/model/document.py", line 1457, in run_post_save_methods
    self.run_method("on_submit")
  File "/workspace/frappe-bench/apps/frappe/frappe/model/document.py", line 1260, in run_method
    out = Document.hook(fn)(self, *args, **kwargs)
  File "/workspace/frappe-bench/apps/frappe/frappe/model/document.py", line 1661, in composer
    return composed(self, method, *args, **kwargs)
  File "/workspace/frappe-bench/apps/frappe/frappe/model/document.py", line 1635, in runner
    add_to_return_value(self, fn(self, *args, **kwargs))
  File "/workspace/frappe-bench/apps/frappe/frappe/model/document.py", line 1257, in fn
    return method_object(*args, **kwargs)
  File "/workspace/frappe-bench/apps/erpnext/erpnext/accounts/doctype/sales_invoice/sales_invoice.py", line 510, in on_submit
    self.make_gl_entries()
  File "/workspace/frappe-bench/apps/erpnext/erpnext/accounts/doctype/sales_invoice/sales_invoice.py", line 1607, in make_gl_entries
    make_gl_entries(
  File "/workspace/frappe-bench/apps/erpnext/erpnext/accounts/general_ledger.py", line 53, in make_gl_entries
    create_payment_ledger_entry(
  File "/workspace/frappe-bench/apps/erpnext/erpnext/accounts/utils.py", line 2138, in create_payment_ledger_entry
    ple.submit()
  File "/workspace/frappe-bench/apps/frappe/frappe/utils/typing_validations.py", line 36, in wrapper
    return func(*args, **kwargs)
  File "/workspace/frappe-bench/apps/frappe/frappe/model/document.py", line 1349, in submit
    return self._submit()
  File "/workspace/frappe-bench/apps/frappe/frappe/model/document.py", line 1330, in _submit
    return self.save()
  File "/workspace/frappe-bench/apps/frappe/frappe/model/document.py", line 557, in save
    return self._save(*args, **kwargs)
  File "/workspace/frappe-bench/apps/frappe/frappe/model/document.py", line 579, in _save
    return self.insert()
  File "/workspace/frappe-bench/apps/frappe/frappe/model/document.py", line 513, in insert
    self.run_post_save_methods()
  File "/workspace/frappe-bench/apps/frappe/frappe/model/document.py", line 1456, in run_post_save_methods
    self.run_method("on_update")
  File "/workspace/frappe-bench/apps/frappe/frappe/model/document.py", line 1260, in run_method
    out = Document.hook(fn)(self, *args, **kwargs)
  File "/workspace/frappe-bench/apps/frappe/frappe/model/document.py", line 1661, in composer
    return composed(self, method, *args, **kwargs)
  File "/workspace/frappe-bench/apps/frappe/frappe/model/document.py", line 1635, in runner
    add_to_return_value(self, fn(self, *args, **kwargs))
  File "/workspace/frappe-bench/apps/frappe/frappe/model/document.py", line 1257, in fn
    return method_object(*args, **kwargs)
  File "/workspace/frappe-bench/apps/erpnext/erpnext/accounts/doctype/payment_ledger_entry/payment_ledger_entry.py", line 174, in on_update
    update_voucher_outstanding(
  File "/workspace/frappe-bench/apps/erpnext/erpnext/accounts/utils.py", line 2167, in update_voucher_outstanding
    voucher_outstanding = ple_query.get_voucher_outstandings(vouchers, common_filter=common_filter)
  File "/workspace/frappe-bench/apps/erpnext/erpnext/accounts/utils.py", line 2487, in get_voucher_outstandings
    self.query_for_outstanding()
  File "/workspace/frappe-bench/apps/erpnext/erpnext/accounts/utils.py", line 2450, in query_for_outstanding
    self.voucher_outstandings = self.cte_query_voucher_amount_and_outstanding.run(as_dict=True)
  File "/workspace/frappe-bench/apps/frappe/frappe/query_builder/utils.py", line 139, in execute_query
    result = frappe.local.db.sql(query, params, *args, **kwargs)  # nosemgrep
  File "/workspace/frappe-bench/apps/frappe/frappe/database/postgres/database.py", line 234, in sql
    return super().sql(modify_query(query), modify_values(values), *args, **kwargs)
  File "/workspace/frappe-bench/apps/frappe/frappe/database/database.py", line 294, in sql
    traceback.print_stack()
Error in query:
column "tabPayment Ledger Entry.account" must appear in the GROUP BY clause or be used in an aggregate function
LINE 1: WITH vouchers AS (SELECT "account","voucher_type","voucher_n...
                                 ^

Traceback (most recent call last):
  File "/workspace/frappe-bench/generate_run.py", line 308, in <module>
    sinv.submit()
    ~~~~~~~~~~~^^
  File "/workspace/frappe-bench/apps/frappe/frappe/utils/typing_validations.py", line 36, in wrapper
    return func(*args, **kwargs)
  File "/workspace/frappe-bench/apps/frappe/frappe/model/document.py", line 1349, in submit
    return self._submit()
           ~~~~~~~~~~~~^^
  File "/workspace/frappe-bench/apps/frappe/frappe/model/document.py", line 1330, in _submit
    return self.save()
           ~~~~~~~~~^^
  File "/workspace/frappe-bench/apps/frappe/frappe/model/document.py", line 557, in save
    return self._save(*args, **kwargs)
           ~~~~~~~~~~^^^^^^^^^^^^^^^^^
  File "/workspace/frappe-bench/apps/frappe/frappe/model/document.py", line 612, in _save
    self.run_post_save_methods()
    ~~~~~~~~~~~~~~~~~~~~~~~~~~^^
  File "/workspace/frappe-bench/apps/frappe/frappe/model/document.py", line 1457, in run_post_save_methods
    self.run_method("on_submit")
    ~~~~~~~~~~~~~~~^^^^^^^^^^^^^
  File "/workspace/frappe-bench/apps/frappe/frappe/model/document.py", line 1260, in run_method
    out = Document.hook(fn)(self, *args, **kwargs)
  File "/workspace/frappe-bench/apps/frappe/frappe/model/document.py", line 1661, in composer
    return composed(self, method, *args, **kwargs)
  File "/workspace/frappe-bench/apps/frappe/frappe/model/document.py", line 1635, in runner
    add_to_return_value(self, fn(self, *args, **kwargs))
                              ~~^^^^^^^^^^^^^^^^^^^^^^^
  File "/workspace/frappe-bench/apps/frappe/frappe/model/document.py", line 1257, in fn
    return method_object(*args, **kwargs)
  File "/workspace/frappe-bench/apps/erpnext/erpnext/accounts/doctype/sales_invoice/sales_invoice.py", line 510, in on_submit
    self.make_gl_entries()
    ~~~~~~~~~~~~~~~~~~~~^^
  File "/workspace/frappe-bench/apps/erpnext/erpnext/accounts/doctype/sales_invoice/sales_invoice.py", line 1607, in make_gl_entries
    make_gl_entries(
    ~~~~~~~~~~~~~~~^
    	gl_entries,
     ^^^^^^^^^^^
    ...<2 lines>...
    	from_repost=from_repost,
     ^^^^^^^^^^^^^^^^^^^^^^^^
    )
    ^
  File "/workspace/frappe-bench/apps/erpnext/erpnext/accounts/general_ledger.py", line 53, in make_gl_entries
    create_payment_ledger_entry(
    ~~~~~~~~~~~~~~~~~~~~~~~~~~~^
    	gl_map,
     ^^^^^^^
    ...<3 lines>...
    	from_repost=from_repost,
     ^^^^^^^^^^^^^^^^^^^^^^^^
    )
    ^
  File "/workspace/frappe-bench/apps/erpnext/erpnext/accounts/utils.py", line 2138, in create_payment_ledger_entry
    ple.submit()
    ~~~~~~~~~~^^
  File "/workspace/frappe-bench/apps/frappe/frappe/utils/typing_validations.py", line 36, in wrapper
    return func(*args, **kwargs)
  File "/workspace/frappe-bench/apps/frappe/frappe/model/document.py", line 1349, in submit
    return self._submit()
           ~~~~~~~~~~~~^^
  File "/workspace/frappe-bench/apps/frappe/frappe/model/document.py", line 1330, in _submit
    return self.save()
           ~~~~~~~~~^^
  File "/workspace/frappe-bench/apps/frappe/frappe/model/document.py", line 557, in save
    return self._save(*args, **kwargs)
           ~~~~~~~~~~^^^^^^^^^^^^^^^^^
  File "/workspace/frappe-bench/apps/frappe/frappe/model/document.py", line 579, in _save
    return self.insert()
           ~~~~~~~~~~~^^
  File "/workspace/frappe-bench/apps/frappe/frappe/model/document.py", line 513, in insert
    self.run_post_save_methods()
    ~~~~~~~~~~~~~~~~~~~~~~~~~~^^
  File "/workspace/frappe-bench/apps/frappe/frappe/model/document.py", line 1456, in run_post_save_methods
    self.run_method("on_update")
    ~~~~~~~~~~~~~~~^^^^^^^^^^^^^
  File "/workspace/frappe-bench/apps/frappe/frappe/model/document.py", line 1260, in run_method
    out = Document.hook(fn)(self, *args, **kwargs)
  File "/workspace/frappe-bench/apps/frappe/frappe/model/document.py", line 1661, in composer
    return composed(self, method, *args, **kwargs)
  File "/workspace/frappe-bench/apps/frappe/frappe/model/document.py", line 1635, in runner
    add_to_return_value(self, fn(self, *args, **kwargs))
                              ~~^^^^^^^^^^^^^^^^^^^^^^^
  File "/workspace/frappe-bench/apps/frappe/frappe/model/document.py", line 1257, in fn
    return method_object(*args, **kwargs)
  File "/workspace/frappe-bench/apps/erpnext/erpnext/accounts/doctype/payment_ledger_entry/payment_ledger_entry.py", line 174, in on_update
    update_voucher_outstanding(
    ~~~~~~~~~~~~~~~~~~~~~~~~~~^
    	self.against_voucher_type, self.against_voucher_no, self.account, self.party_type, self.party
     ^^^^^^^^^^^^^^^^^^^^^^^^^^^^^^^^^^^^^^^^^^^^^^^^^^^^^^^^^^^^^^^^^^^^^^^^^^^^^^^^^^^^^^^^^^^^^
    )
    ^
  File "/workspace/frappe-bench/apps/erpnext/erpnext/accounts/utils.py", line 2167, in update_voucher_outstanding
    voucher_outstanding = ple_query.get_voucher_outstandings(vouchers, common_filter=common_filter)
  File "/workspace/frappe-bench/apps/erpnext/erpnext/accounts/utils.py", line 2487, in get_voucher_outstandings
    self.query_for_outstanding()
    ~~~~~~~~~~~~~~~~~~~~~~~~~~^^
  File "/workspace/frappe-bench/apps/erpnext/erpnext/accounts/utils.py", line 2450, in query_for_outstanding
    self.voucher_outstandings = self.cte_query_voucher_amount_and_outstanding.run(as_dict=True)
                                ~~~~~~~~~~~~~~~~~~~~~~~~~~~~~~~~~~~~~~~~~~~~~~~~~^^^^^^^^^^^^^^
  File "/workspace/frappe-bench/apps/frappe/frappe/query_builder/utils.py", line 139, in execute_query
    result = frappe.local.db.sql(query, params, *args, **kwargs)  # nosemgrep
  File "/workspace/frappe-bench/apps/frappe/frappe/database/postgres/database.py", line 234, in sql
    return super().sql(modify_query(query), modify_values(values), *args, **kwargs)
           ~~~~~~~~~~~^^^^^^^^^^^^^^^^^^^^^^^^^^^^^^^^^^^^^^^^^^^^^^^^^^^^^^^^^^^^^
  File "/workspace/frappe-bench/apps/frappe/frappe/database/database.py", line 272, in sql
    self.execute_query(query, values)
    ~~~~~~~~~~~~~~~~~~^^^^^^^^^^^^^^^
  File "/workspace/frappe-bench/apps/frappe/frappe/database/database.py", line 372, in execute_query
    return self._cursor.execute(query, values)
           ~~~~~~~~~~~~~~~~~~~~^^^^^^^^^^^^^^^
psycopg2.errors.GroupingError: column "tabPayment Ledger Entry.account" must appear in the GROUP BY clause or be used in an aggregate function
LINE 1: WITH vouchers AS (SELECT "account","voucher_type","voucher_n...
                                 ^

Traceback (most recent call last):
  File "/workspace/frappe-bench/generate_run.py", line 408, in <module>
    pr.submit()
    ~~~~~~~~~^^
  File "/workspace/frappe-bench/apps/frappe/frappe/utils/typing_validations.py", line 36, in wrapper
    return func(*args, **kwargs)
  File "/workspace/frappe-bench/apps/frappe/frappe/model/document.py", line 1349, in submit
    return self._submit()
           ~~~~~~~~~~~~^^
  File "/workspace/frappe-bench/apps/frappe/frappe/model/document.py", line 1330, in _submit
    return self.save()
           ~~~~~~~~~^^
  File "/workspace/frappe-bench/apps/frappe/frappe/model/document.py", line 557, in save
    return self._save(*args, **kwargs)
           ~~~~~~~~~~^^^^^^^^^^^^^^^^^
  File "/workspace/frappe-bench/apps/frappe/frappe/model/document.py", line 612, in _save
    self.run_post_save_methods()
    ~~~~~~~~~~~~~~~~~~~~~~~~~~^^
  File "/workspace/frappe-bench/apps/frappe/frappe/model/document.py", line 1457, in run_post_save_methods
    self.run_method("on_submit")
    ~~~~~~~~~~~~~~~^^^^^^^^^^^^^
  File "/workspace/frappe-bench/apps/frappe/frappe/model/document.py", line 1260, in run_method
    out = Document.hook(fn)(self, *args, **kwargs)
  File "/workspace/frappe-bench/apps/frappe/frappe/model/document.py", line 1661, in composer
    return composed(self, method, *args, **kwargs)
  File "/workspace/frappe-bench/apps/frappe/frappe/model/document.py", line 1635, in runner
    add_to_return_value(self, fn(self, *args, **kwargs))
                              ~~^^^^^^^^^^^^^^^^^^^^^^^
  File "/workspace/frappe-bench/apps/frappe/frappe/model/document.py", line 1257, in fn
    return method_object(*args, **kwargs)
  File "/workspace/frappe-bench/apps/erpnext/erpnext/stock/doctype/purchase_receipt/purchase_receipt.py", line 395, in on_submit
    self.update_stock_ledger()
    ~~~~~~~~~~~~~~~~~~~~~~~~^^
  File "/workspace/frappe-bench/apps/erpnext/erpnext/controllers/buying_controller.py", line 944, in update_stock_ledger
    self.make_sl_entries(
    ~~~~~~~~~~~~~~~~~~~~^
    	sl_entries,
     ^^^^^^^^^^^
    	allow_negative_stock=allow_negative_stock,
     ^^^^^^^^^^^^^^^^^^^^^^^^^^^^^^^^^^^^^^^^^^
    	via_landed_cost_voucher=via_landed_cost_voucher,
     ^^^^^^^^^^^^^^^^^^^^^^^^^^^^^^^^^^^^^^^^^^^^^^^^
    )
    ^
  File "/workspace/frappe-bench/apps/erpnext/erpnext/controllers/stock_controller.py", line 1432, in make_sl_entries
    make_sl_entries(sl_entries, allow_negative_stock, via_landed_cost_voucher)
    ~~~~~~~~~~~~~~~^^^^^^^^^^^^^^^^^^^^^^^^^^^^^^^^^^^^^^^^^^^^^^^^^^^^^^^^^^^
  File "/workspace/frappe-bench/apps/erpnext/erpnext/stock/stock_ledger.py", line 98, in make_sl_entries
    validate_stock_frozen_by_closing_entry(sl_entries)
    ~~~~~~~~~~~~~~~~~~~~~~~~~~~~~~~~~~~~~~^^^^^^^^^^^^
  File "/workspace/frappe-bench/apps/erpnext/erpnext/stock/stock_ledger.py", line 67, in validate_stock_frozen_by_closing_entry
    closing_entry = get_closing_entry_for_closed_period(company)
  File "/workspace/frappe-bench/apps/erpnext/erpnext/stock/doctype/stock_closing_entry/stock_closing_entry.py", line 30, in get_closing_entry_for_closed_period
    	closed_upto = frappe.db.sql(
                   ~~~~~~~~~~~~~^
     	'SELECT MAX(period_end_date) FROM "tabPeriod Closing Voucher" WHERE docstatus=1 AND company=%s',
      ^^^^^^^^^^^^^^^^^^^^^^^^^^^^^^^^^^^^^^^^^^^^^^^^^^^^^^^^^^^^^^^^^^^^^^^^^^^^^^^^^^^^^^^^^^^^^^^^
     	company,
      ^^^^^^^^
     	as_scalar=True,
      ^^^^^^^^^^^^^^^
     )
     ^
  File "/workspace/frappe-bench/apps/frappe/frappe/database/postgres/database.py", line 234, in sql
    return super().sql(modify_query(query), modify_values(values), *args, **kwargs)
           ~~~~~~~~~~~^^^^^^^^^^^^^^^^^^^^^^^^^^^^^^^^^^^^^^^^^^^^^^^^^^^^^^^^^^^^^
TypeError: Database.sql() got an unexpected keyword argument 'as_scalar'
Traceback (most recent call last):
  File "/workspace/frappe-bench/generate_run.py", line 504, in <module>
    se.submit()
    ~~~~~~~~~^^
  File "/workspace/frappe-bench/apps/frappe/frappe/utils/typing_validations.py", line 36, in wrapper
    return func(*args, **kwargs)
  File "/workspace/frappe-bench/apps/frappe/frappe/model/document.py", line 1349, in submit
    return self._submit()
           ~~~~~~~~~~~~^^
  File "/workspace/frappe-bench/apps/frappe/frappe/model/document.py", line 1330, in _submit
    return self.save()
           ~~~~~~~~~^^
  File "/workspace/frappe-bench/apps/frappe/frappe/model/document.py", line 557, in save
    return self._save(*args, **kwargs)
           ~~~~~~~~~~^^^^^^^^^^^^^^^^^
  File "/workspace/frappe-bench/apps/frappe/frappe/model/document.py", line 612, in _save
    self.run_post_save_methods()
    ~~~~~~~~~~~~~~~~~~~~~~~~~~^^
  File "/workspace/frappe-bench/apps/frappe/frappe/model/document.py", line 1457, in run_post_save_methods
    self.run_method("on_submit")
    ~~~~~~~~~~~~~~~^^^^^^^^^^^^^
  File "/workspace/frappe-bench/apps/frappe/frappe/model/document.py", line 1260, in run_method
    out = Document.hook(fn)(self, *args, **kwargs)
  File "/workspace/frappe-bench/apps/frappe/frappe/model/document.py", line 1661, in composer
    return composed(self, method, *args, **kwargs)
  File "/workspace/frappe-bench/apps/frappe/frappe/model/document.py", line 1635, in runner
    add_to_return_value(self, fn(self, *args, **kwargs))
                              ~~^^^^^^^^^^^^^^^^^^^^^^^
  File "/workspace/frappe-bench/apps/frappe/frappe/model/document.py", line 1257, in fn
    return method_object(*args, **kwargs)
  File "/workspace/frappe-bench/apps/erpnext/erpnext/stock/doctype/stock_entry/stock_entry.py", line 572, in on_submit
    self.update_stock_ledger()
    ~~~~~~~~~~~~~~~~~~~~~~~~^^
  File "/workspace/frappe-bench/apps/erpnext/erpnext/stock/doctype/stock_entry/stock_entry.py", line 2227, in update_stock_ledger
    self.make_sl_entries(
    ~~~~~~~~~~~~~~~~~~~~^
    	sl_entries,
     ^^^^^^^^^^^
    	allow_negative_stock=allow_negative_stock,
     ^^^^^^^^^^^^^^^^^^^^^^^^^^^^^^^^^^^^^^^^^^
    	via_landed_cost_voucher=via_landed_cost_voucher,
     ^^^^^^^^^^^^^^^^^^^^^^^^^^^^^^^^^^^^^^^^^^^^^^^^
    )
    ^
  File "/workspace/frappe-bench/apps/erpnext/erpnext/controllers/stock_controller.py", line 1432, in make_sl_entries
    make_sl_entries(sl_entries, allow_negative_stock, via_landed_cost_voucher)
    ~~~~~~~~~~~~~~~^^^^^^^^^^^^^^^^^^^^^^^^^^^^^^^^^^^^^^^^^^^^^^^^^^^^^^^^^^^
  File "/workspace/frappe-bench/apps/erpnext/erpnext/stock/stock_ledger.py", line 98, in make_sl_entries
    validate_stock_frozen_by_closing_entry(sl_entries)
    ~~~~~~~~~~~~~~~~~~~~~~~~~~~~~~~~~~~~~~^^^^^^^^^^^^
  File "/workspace/frappe-bench/apps/erpnext/erpnext/stock/stock_ledger.py", line 67, in validate_stock_frozen_by_closing_entry
    closing_entry = get_closing_entry_for_closed_period(company)
  File "/workspace/frappe-bench/apps/erpnext/erpnext/stock/doctype/stock_closing_entry/stock_closing_entry.py", line 30, in get_closing_entry_for_closed_period
    	closed_upto = frappe.db.sql(
                   ~~~~~~~~~~~~~^
     	'SELECT MAX(period_end_date) FROM "tabPeriod Closing Voucher" WHERE docstatus=1 AND company=%s',
      ^^^^^^^^^^^^^^^^^^^^^^^^^^^^^^^^^^^^^^^^^^^^^^^^^^^^^^^^^^^^^^^^^^^^^^^^^^^^^^^^^^^^^^^^^^^^^^^^
     	company,
      ^^^^^^^^
     	as_scalar=True,
      ^^^^^^^^^^^^^^^
     )
     ^
  File "/workspace/frappe-bench/apps/frappe/frappe/database/postgres/database.py", line 234, in sql
    return super().sql(modify_query(query), modify_values(values), *args, **kwargs)
           ~~~~~~~~~~~^^^^^^^^^^^^^^^^^^^^^^^^^^^^^^^^^^^^^^^^^^^^^^^^^^^^^^^^^^^^^
TypeError: Database.sql() got an unexpected keyword argument 'as_scalar'
  File "/workspace/frappe-bench/generate_run.py", line 308, in <module>
    sinv.submit()
  File "/workspace/frappe-bench/apps/frappe/frappe/utils/typing_validations.py", line 36, in wrapper
    return func(*args, **kwargs)
  File "/workspace/frappe-bench/apps/frappe/frappe/model/document.py", line 1349, in submit
    return self._submit()
  File "/workspace/frappe-bench/apps/frappe/frappe/model/document.py", line 1330, in _submit
    return self.save()
  File "/workspace/frappe-bench/apps/frappe/frappe/model/document.py", line 557, in save
    return self._save(*args, **kwargs)
  File "/workspace/frappe-bench/apps/frappe/frappe/model/document.py", line 612, in _save
    self.run_post_save_methods()
  File "/workspace/frappe-bench/apps/frappe/frappe/model/document.py", line 1457, in run_post_save_methods
    self.run_method("on_submit")
  File "/workspace/frappe-bench/apps/frappe/frappe/model/document.py", line 1260, in run_method
    out = Document.hook(fn)(self, *args, **kwargs)
  File "/workspace/frappe-bench/apps/frappe/frappe/model/document.py", line 1661, in composer
    return composed(self, method, *args, **kwargs)
  File "/workspace/frappe-bench/apps/frappe/frappe/model/document.py", line 1635, in runner
    add_to_return_value(self, fn(self, *args, **kwargs))
  File "/workspace/frappe-bench/apps/frappe/frappe/model/document.py", line 1257, in fn
    return method_object(*args, **kwargs)
  File "/workspace/frappe-bench/apps/erpnext/erpnext/accounts/doctype/sales_invoice/sales_invoice.py", line 510, in on_submit
    self.make_gl_entries()
  File "/workspace/frappe-bench/apps/erpnext/erpnext/accounts/doctype/sales_invoice/sales_invoice.py", line 1607, in make_gl_entries
    make_gl_entries(
  File "/workspace/frappe-bench/apps/erpnext/erpnext/accounts/general_ledger.py", line 53, in make_gl_entries
    create_payment_ledger_entry(
  File "/workspace/frappe-bench/apps/erpnext/erpnext/accounts/utils.py", line 2138, in create_payment_ledger_entry
    ple.submit()
  File "/workspace/frappe-bench/apps/frappe/frappe/utils/typing_validations.py", line 36, in wrapper
    return func(*args, **kwargs)
  File "/workspace/frappe-bench/apps/frappe/frappe/model/document.py", line 1349, in submit
    return self._submit()
  File "/workspace/frappe-bench/apps/frappe/frappe/model/document.py", line 1330, in _submit
    return self.save()
  File "/workspace/frappe-bench/apps/frappe/frappe/model/document.py", line 557, in save
    return self._save(*args, **kwargs)
  File "/workspace/frappe-bench/apps/frappe/frappe/model/document.py", line 579, in _save
    return self.insert()
  File "/workspace/frappe-bench/apps/frappe/frappe/model/document.py", line 513, in insert
    self.run_post_save_methods()
  File "/workspace/frappe-bench/apps/frappe/frappe/model/document.py", line 1456, in run_post_save_methods
    self.run_method("on_update")
  File "/workspace/frappe-bench/apps/frappe/frappe/model/document.py", line 1260, in run_method
    out = Document.hook(fn)(self, *args, **kwargs)
  File "/workspace/frappe-bench/apps/frappe/frappe/model/document.py", line 1661, in composer
    return composed(self, method, *args, **kwargs)
  File "/workspace/frappe-bench/apps/frappe/frappe/model/document.py", line 1635, in runner
    add_to_return_value(self, fn(self, *args, **kwargs))
  File "/workspace/frappe-bench/apps/frappe/frappe/model/document.py", line 1257, in fn
    return method_object(*args, **kwargs)
  File "/workspace/frappe-bench/apps/erpnext/erpnext/accounts/doctype/payment_ledger_entry/payment_ledger_entry.py", line 174, in on_update
    update_voucher_outstanding(
  File "/workspace/frappe-bench/apps/erpnext/erpnext/accounts/utils.py", line 2167, in update_voucher_outstanding
    voucher_outstanding = ple_query.get_voucher_outstandings(vouchers, common_filter=common_filter)
  File "/workspace/frappe-bench/apps/erpnext/erpnext/accounts/utils.py", line 2487, in get_voucher_outstandings
    self.query_for_outstanding()
  File "/workspace/frappe-bench/apps/erpnext/erpnext/accounts/utils.py", line 2450, in query_for_outstanding
    self.voucher_outstandings = self.cte_query_voucher_amount_and_outstanding.run(as_dict=True)
  File "/workspace/frappe-bench/apps/frappe/frappe/query_builder/utils.py", line 139, in execute_query
    result = frappe.local.db.sql(query, params, *args, **kwargs)  # nosemgrep
  File "/workspace/frappe-bench/apps/frappe/frappe/database/postgres/database.py", line 234, in sql
    return super().sql(modify_query(query), modify_values(values), *args, **kwargs)
  File "/workspace/frappe-bench/apps/frappe/frappe/database/database.py", line 294, in sql
    traceback.print_stack()
Error in query:
column "tabPayment Ledger Entry.account" must appear in the GROUP BY clause or be used in an aggregate function
LINE 1: WITH vouchers AS (SELECT "account","voucher_type","voucher_n...
                                 ^

Traceback (most recent call last):
  File "/workspace/frappe-bench/generate_run.py", line 308, in <module>
    sinv.submit()
    ~~~~~~~~~~~^^
  File "/workspace/frappe-bench/apps/frappe/frappe/utils/typing_validations.py", line 36, in wrapper
    return func(*args, **kwargs)
  File "/workspace/frappe-bench/apps/frappe/frappe/model/document.py", line 1349, in submit
    return self._submit()
           ~~~~~~~~~~~~^^
  File "/workspace/frappe-bench/apps/frappe/frappe/model/document.py", line 1330, in _submit
    return self.save()
           ~~~~~~~~~^^
  File "/workspace/frappe-bench/apps/frappe/frappe/model/document.py", line 557, in save
    return self._save(*args, **kwargs)
           ~~~~~~~~~~^^^^^^^^^^^^^^^^^
  File "/workspace/frappe-bench/apps/frappe/frappe/model/document.py", line 612, in _save
    self.run_post_save_methods()
    ~~~~~~~~~~~~~~~~~~~~~~~~~~^^
  File "/workspace/frappe-bench/apps/frappe/frappe/model/document.py", line 1457, in run_post_save_methods
    self.run_method("on_submit")
    ~~~~~~~~~~~~~~~^^^^^^^^^^^^^
  File "/workspace/frappe-bench/apps/frappe/frappe/model/document.py", line 1260, in run_method
    out = Document.hook(fn)(self, *args, **kwargs)
  File "/workspace/frappe-bench/apps/frappe/frappe/model/document.py", line 1661, in composer
    return composed(self, method, *args, **kwargs)
  File "/workspace/frappe-bench/apps/frappe/frappe/model/document.py", line 1635, in runner
    add_to_return_value(self, fn(self, *args, **kwargs))
                              ~~^^^^^^^^^^^^^^^^^^^^^^^
  File "/workspace/frappe-bench/apps/frappe/frappe/model/document.py", line 1257, in fn
    return method_object(*args, **kwargs)
  File "/workspace/frappe-bench/apps/erpnext/erpnext/accounts/doctype/sales_invoice/sales_invoice.py", line 510, in on_submit
    self.make_gl_entries()
    ~~~~~~~~~~~~~~~~~~~~^^
  File "/workspace/frappe-bench/apps/erpnext/erpnext/accounts/doctype/sales_invoice/sales_invoice.py", line 1607, in make_gl_entries
    make_gl_entries(
    ~~~~~~~~~~~~~~~^
    	gl_entries,
     ^^^^^^^^^^^
    ...<2 lines>...
    	from_repost=from_repost,
     ^^^^^^^^^^^^^^^^^^^^^^^^
    )
    ^
  File "/workspace/frappe-bench/apps/erpnext/erpnext/accounts/general_ledger.py", line 53, in make_gl_entries
    create_payment_ledger_entry(
    ~~~~~~~~~~~~~~~~~~~~~~~~~~~^
    	gl_map,
     ^^^^^^^
    ...<3 lines>...
    	from_repost=from_repost,
     ^^^^^^^^^^^^^^^^^^^^^^^^
    )
    ^
  File "/workspace/frappe-bench/apps/erpnext/erpnext/accounts/utils.py", line 2138, in create_payment_ledger_entry
    ple.submit()
    ~~~~~~~~~~^^
  File "/workspace/frappe-bench/apps/frappe/frappe/utils/typing_validations.py", line 36, in wrapper
    return func(*args, **kwargs)
  File "/workspace/frappe-bench/apps/frappe/frappe/model/document.py", line 1349, in submit
    return self._submit()
           ~~~~~~~~~~~~^^
  File "/workspace/frappe-bench/apps/frappe/frappe/model/document.py", line 1330, in _submit
    return self.save()
           ~~~~~~~~~^^
  File "/workspace/frappe-bench/apps/frappe/frappe/model/document.py", line 557, in save
    return self._save(*args, **kwargs)
           ~~~~~~~~~~^^^^^^^^^^^^^^^^^
  File "/workspace/frappe-bench/apps/frappe/frappe/model/document.py", line 579, in _save
    return self.insert()
           ~~~~~~~~~~~^^
  File "/workspace/frappe-bench/apps/frappe/frappe/model/document.py", line 513, in insert
    self.run_post_save_methods()
    ~~~~~~~~~~~~~~~~~~~~~~~~~~^^
  File "/workspace/frappe-bench/apps/frappe/frappe/model/document.py", line 1456, in run_post_save_methods
    self.run_method("on_update")
    ~~~~~~~~~~~~~~~^^^^^^^^^^^^^
  File "/workspace/frappe-bench/apps/frappe/frappe/model/document.py", line 1260, in run_method
    out = Document.hook(fn)(self, *args, **kwargs)
  File "/workspace/frappe-bench/apps/frappe/frappe/model/document.py", line 1661, in composer
    return composed(self, method, *args, **kwargs)
  File "/workspace/frappe-bench/apps/frappe/frappe/model/document.py", line 1635, in runner
    add_to_return_value(self, fn(self, *args, **kwargs))
                              ~~^^^^^^^^^^^^^^^^^^^^^^^
  File "/workspace/frappe-bench/apps/frappe/frappe/model/document.py", line 1257, in fn
    return method_object(*args, **kwargs)
  File "/workspace/frappe-bench/apps/erpnext/erpnext/accounts/doctype/payment_ledger_entry/payment_ledger_entry.py", line 174, in on_update
    update_voucher_outstanding(
    ~~~~~~~~~~~~~~~~~~~~~~~~~~^
    	self.against_voucher_type, self.against_voucher_no, self.account, self.party_type, self.party
     ^^^^^^^^^^^^^^^^^^^^^^^^^^^^^^^^^^^^^^^^^^^^^^^^^^^^^^^^^^^^^^^^^^^^^^^^^^^^^^^^^^^^^^^^^^^^^
    )
    ^
  File "/workspace/frappe-bench/apps/erpnext/erpnext/accounts/utils.py", line 2167, in update_voucher_outstanding
    voucher_outstanding = ple_query.get_voucher_outstandings(vouchers, common_filter=common_filter)
  File "/workspace/frappe-bench/apps/erpnext/erpnext/accounts/utils.py", line 2487, in get_voucher_outstandings
    self.query_for_outstanding()
    ~~~~~~~~~~~~~~~~~~~~~~~~~~^^
  File "/workspace/frappe-bench/apps/erpnext/erpnext/accounts/utils.py", line 2450, in query_for_outstanding
    self.voucher_outstandings = self.cte_query_voucher_amount_and_outstanding.run(as_dict=True)
                                ~~~~~~~~~~~~~~~~~~~~~~~~~~~~~~~~~~~~~~~~~~~~~~~~~^^^^^^^^^^^^^^
  File "/workspace/frappe-bench/apps/frappe/frappe/query_builder/utils.py", line 139, in execute_query
    result = frappe.local.db.sql(query, params, *args, **kwargs)  # nosemgrep
  File "/workspace/frappe-bench/apps/frappe/frappe/database/postgres/database.py", line 234, in sql
    return super().sql(modify_query(query), modify_values(values), *args, **kwargs)
           ~~~~~~~~~~~^^^^^^^^^^^^^^^^^^^^^^^^^^^^^^^^^^^^^^^^^^^^^^^^^^^^^^^^^^^^^
  File "/workspace/frappe-bench/apps/frappe/frappe/database/database.py", line 272, in sql
    self.execute_query(query, values)
    ~~~~~~~~~~~~~~~~~~^^^^^^^^^^^^^^^
  File "/workspace/frappe-bench/apps/frappe/frappe/database/database.py", line 372, in execute_query
    return self._cursor.execute(query, values)
           ~~~~~~~~~~~~~~~~~~~~^^^^^^^^^^^^^^^
psycopg2.errors.GroupingError: column "tabPayment Ledger Entry.account" must appear in the GROUP BY clause or be used in an aggregate function
LINE 1: WITH vouchers AS (SELECT "account","voucher_type","voucher_n...
                                 ^

Traceback (most recent call last):
  File "/workspace/frappe-bench/generate_run.py", line 408, in <module>
    pr.submit()
    ~~~~~~~~~^^
  File "/workspace/frappe-bench/apps/frappe/frappe/utils/typing_validations.py", line 36, in wrapper
    return func(*args, **kwargs)
  File "/workspace/frappe-bench/apps/frappe/frappe/model/document.py", line 1349, in submit
    return self._submit()
           ~~~~~~~~~~~~^^
  File "/workspace/frappe-bench/apps/frappe/frappe/model/document.py", line 1330, in _submit
    return self.save()
           ~~~~~~~~~^^
  File "/workspace/frappe-bench/apps/frappe/frappe/model/document.py", line 557, in save
    return self._save(*args, **kwargs)
           ~~~~~~~~~~^^^^^^^^^^^^^^^^^
  File "/workspace/frappe-bench/apps/frappe/frappe/model/document.py", line 612, in _save
    self.run_post_save_methods()
    ~~~~~~~~~~~~~~~~~~~~~~~~~~^^
  File "/workspace/frappe-bench/apps/frappe/frappe/model/document.py", line 1457, in run_post_save_methods
    self.run_method("on_submit")
    ~~~~~~~~~~~~~~~^^^^^^^^^^^^^
  File "/workspace/frappe-bench/apps/frappe/frappe/model/document.py", line 1260, in run_method
    out = Document.hook(fn)(self, *args, **kwargs)
  File "/workspace/frappe-bench/apps/frappe/frappe/model/document.py", line 1661, in composer
    return composed(self, method, *args, **kwargs)
  File "/workspace/frappe-bench/apps/frappe/frappe/model/document.py", line 1635, in runner
    add_to_return_value(self, fn(self, *args, **kwargs))
                              ~~^^^^^^^^^^^^^^^^^^^^^^^
  File "/workspace/frappe-bench/apps/frappe/frappe/model/document.py", line 1257, in fn
    return method_object(*args, **kwargs)
  File "/workspace/frappe-bench/apps/erpnext/erpnext/stock/doctype/purchase_receipt/purchase_receipt.py", line 395, in on_submit
    self.update_stock_ledger()
    ~~~~~~~~~~~~~~~~~~~~~~~~^^
  File "/workspace/frappe-bench/apps/erpnext/erpnext/controllers/buying_controller.py", line 944, in update_stock_ledger
    self.make_sl_entries(
    ~~~~~~~~~~~~~~~~~~~~^
    	sl_entries,
     ^^^^^^^^^^^
    	allow_negative_stock=allow_negative_stock,
     ^^^^^^^^^^^^^^^^^^^^^^^^^^^^^^^^^^^^^^^^^^
    	via_landed_cost_voucher=via_landed_cost_voucher,
     ^^^^^^^^^^^^^^^^^^^^^^^^^^^^^^^^^^^^^^^^^^^^^^^^
    )
    ^
  File "/workspace/frappe-bench/apps/erpnext/erpnext/controllers/stock_controller.py", line 1432, in make_sl_entries
    make_sl_entries(sl_entries, allow_negative_stock, via_landed_cost_voucher)
    ~~~~~~~~~~~~~~~^^^^^^^^^^^^^^^^^^^^^^^^^^^^^^^^^^^^^^^^^^^^^^^^^^^^^^^^^^^
  File "/workspace/frappe-bench/apps/erpnext/erpnext/stock/stock_ledger.py", line 98, in make_sl_entries
    validate_stock_frozen_by_closing_entry(sl_entries)
    ~~~~~~~~~~~~~~~~~~~~~~~~~~~~~~~~~~~~~~^^^^^^^^^^^^
  File "/workspace/frappe-bench/apps/erpnext/erpnext/stock/stock_ledger.py", line 67, in validate_stock_frozen_by_closing_entry
    closing_entry = get_closing_entry_for_closed_period(company)
  File "/workspace/frappe-bench/apps/erpnext/erpnext/stock/doctype/stock_closing_entry/stock_closing_entry.py", line 30, in get_closing_entry_for_closed_period
    	closed_upto = frappe.db.sql(
                   ~~~~~~~~~~~~~^
     	'SELECT MAX(period_end_date) FROM "tabPeriod Closing Voucher" WHERE docstatus=1 AND company=%s',
      ^^^^^^^^^^^^^^^^^^^^^^^^^^^^^^^^^^^^^^^^^^^^^^^^^^^^^^^^^^^^^^^^^^^^^^^^^^^^^^^^^^^^^^^^^^^^^^^^
     	company,
      ^^^^^^^^
     	as_scalar=True,
      ^^^^^^^^^^^^^^^
     )
     ^
  File "/workspace/frappe-bench/apps/frappe/frappe/database/postgres/database.py", line 234, in sql
    return super().sql(modify_query(query), modify_values(values), *args, **kwargs)
           ~~~~~~~~~~~^^^^^^^^^^^^^^^^^^^^^^^^^^^^^^^^^^^^^^^^^^^^^^^^^^^^^^^^^^^^^
TypeError: Database.sql() got an unexpected keyword argument 'as_scalar'
Traceback (most recent call last):
  File "/workspace/frappe-bench/generate_run.py", line 504, in <module>
    se.submit()
    ~~~~~~~~~^^
  File "/workspace/frappe-bench/apps/frappe/frappe/utils/typing_validations.py", line 36, in wrapper
    return func(*args, **kwargs)
  File "/workspace/frappe-bench/apps/frappe/frappe/model/document.py", line 1349, in submit
    return self._submit()
           ~~~~~~~~~~~~^^
  File "/workspace/frappe-bench/apps/frappe/frappe/model/document.py", line 1330, in _submit
    return self.save()
           ~~~~~~~~~^^
  File "/workspace/frappe-bench/apps/frappe/frappe/model/document.py", line 557, in save
    return self._save(*args, **kwargs)
           ~~~~~~~~~~^^^^^^^^^^^^^^^^^
  File "/workspace/frappe-bench/apps/frappe/frappe/model/document.py", line 612, in _save
    self.run_post_save_methods()
    ~~~~~~~~~~~~~~~~~~~~~~~~~~^^
  File "/workspace/frappe-bench/apps/frappe/frappe/model/document.py", line 1457, in run_post_save_methods
    self.run_method("on_submit")
    ~~~~~~~~~~~~~~~^^^^^^^^^^^^^
  File "/workspace/frappe-bench/apps/frappe/frappe/model/document.py", line 1260, in run_method
    out = Document.hook(fn)(self, *args, **kwargs)
  File "/workspace/frappe-bench/apps/frappe/frappe/model/document.py", line 1661, in composer
    return composed(self, method, *args, **kwargs)
  File "/workspace/frappe-bench/apps/frappe/frappe/model/document.py", line 1635, in runner
    add_to_return_value(self, fn(self, *args, **kwargs))
                              ~~^^^^^^^^^^^^^^^^^^^^^^^
  File "/workspace/frappe-bench/apps/frappe/frappe/model/document.py", line 1257, in fn
    return method_object(*args, **kwargs)
  File "/workspace/frappe-bench/apps/erpnext/erpnext/stock/doctype/stock_entry/stock_entry.py", line 572, in on_submit
    self.update_stock_ledger()
    ~~~~~~~~~~~~~~~~~~~~~~~~^^
  File "/workspace/frappe-bench/apps/erpnext/erpnext/stock/doctype/stock_entry/stock_entry.py", line 2227, in update_stock_ledger
    self.make_sl_entries(
    ~~~~~~~~~~~~~~~~~~~~^
    	sl_entries,
     ^^^^^^^^^^^
    	allow_negative_stock=allow_negative_stock,
     ^^^^^^^^^^^^^^^^^^^^^^^^^^^^^^^^^^^^^^^^^^
    	via_landed_cost_voucher=via_landed_cost_voucher,
     ^^^^^^^^^^^^^^^^^^^^^^^^^^^^^^^^^^^^^^^^^^^^^^^^
    )
    ^
  File "/workspace/frappe-bench/apps/erpnext/erpnext/controllers/stock_controller.py", line 1432, in make_sl_entries
    make_sl_entries(sl_entries, allow_negative_stock, via_landed_cost_voucher)
    ~~~~~~~~~~~~~~~^^^^^^^^^^^^^^^^^^^^^^^^^^^^^^^^^^^^^^^^^^^^^^^^^^^^^^^^^^^
  File "/workspace/frappe-bench/apps/erpnext/erpnext/stock/stock_ledger.py", line 98, in make_sl_entries
    validate_stock_frozen_by_closing_entry(sl_entries)
    ~~~~~~~~~~~~~~~~~~~~~~~~~~~~~~~~~~~~~~^^^^^^^^^^^^
  File "/workspace/frappe-bench/apps/erpnext/erpnext/stock/stock_ledger.py", line 67, in validate_stock_frozen_by_closing_entry
    closing_entry = get_closing_entry_for_closed_period(company)
  File "/workspace/frappe-bench/apps/erpnext/erpnext/stock/doctype/stock_closing_entry/stock_closing_entry.py", line 30, in get_closing_entry_for_closed_period
    	closed_upto = frappe.db.sql(
                   ~~~~~~~~~~~~~^
     	'SELECT MAX(period_end_date) FROM "tabPeriod Closing Voucher" WHERE docstatus=1 AND company=%s',
      ^^^^^^^^^^^^^^^^^^^^^^^^^^^^^^^^^^^^^^^^^^^^^^^^^^^^^^^^^^^^^^^^^^^^^^^^^^^^^^^^^^^^^^^^^^^^^^^^
     	company,
      ^^^^^^^^
     	as_scalar=True,
      ^^^^^^^^^^^^^^^
     )
     ^
  File "/workspace/frappe-bench/apps/frappe/frappe/database/postgres/database.py", line 234, in sql
    return super().sql(modify_query(query), modify_values(values), *args, **kwargs)
           ~~~~~~~~~~~^^^^^^^^^^^^^^^^^^^^^^^^^^^^^^^^^^^^^^^^^^^^^^^^^^^^^^^^^^^^^
TypeError: Database.sql() got an unexpected keyword argument 'as_scalar'
  File "/workspace/frappe-bench/generate_run.py", line 308, in <module>
    sinv.submit()
  File "/workspace/frappe-bench/apps/frappe/frappe/utils/typing_validations.py", line 36, in wrapper
    return func(*args, **kwargs)
  File "/workspace/frappe-bench/apps/frappe/frappe/model/document.py", line 1349, in submit
    return self._submit()
  File "/workspace/frappe-bench/apps/frappe/frappe/model/document.py", line 1330, in _submit
    return self.save()
  File "/workspace/frappe-bench/apps/frappe/frappe/model/document.py", line 557, in save
    return self._save(*args, **kwargs)
  File "/workspace/frappe-bench/apps/frappe/frappe/model/document.py", line 612, in _save
    self.run_post_save_methods()
  File "/workspace/frappe-bench/apps/frappe/frappe/model/document.py", line 1457, in run_post_save_methods
    self.run_method("on_submit")
  File "/workspace/frappe-bench/apps/frappe/frappe/model/document.py", line 1260, in run_method
    out = Document.hook(fn)(self, *args, **kwargs)
  File "/workspace/frappe-bench/apps/frappe/frappe/model/document.py", line 1661, in composer
    return composed(self, method, *args, **kwargs)
  File "/workspace/frappe-bench/apps/frappe/frappe/model/document.py", line 1635, in runner
    add_to_return_value(self, fn(self, *args, **kwargs))
  File "/workspace/frappe-bench/apps/frappe/frappe/model/document.py", line 1257, in fn
    return method_object(*args, **kwargs)
  File "/workspace/frappe-bench/apps/erpnext/erpnext/accounts/doctype/sales_invoice/sales_invoice.py", line 510, in on_submit
    self.make_gl_entries()
  File "/workspace/frappe-bench/apps/erpnext/erpnext/accounts/doctype/sales_invoice/sales_invoice.py", line 1607, in make_gl_entries
    make_gl_entries(
  File "/workspace/frappe-bench/apps/erpnext/erpnext/accounts/general_ledger.py", line 53, in make_gl_entries
    create_payment_ledger_entry(
  File "/workspace/frappe-bench/apps/erpnext/erpnext/accounts/utils.py", line 2138, in create_payment_ledger_entry
    ple.submit()
  File "/workspace/frappe-bench/apps/frappe/frappe/utils/typing_validations.py", line 36, in wrapper
    return func(*args, **kwargs)
  File "/workspace/frappe-bench/apps/frappe/frappe/model/document.py", line 1349, in submit
    return self._submit()
  File "/workspace/frappe-bench/apps/frappe/frappe/model/document.py", line 1330, in _submit
    return self.save()
  File "/workspace/frappe-bench/apps/frappe/frappe/model/document.py", line 557, in save
    return self._save(*args, **kwargs)
  File "/workspace/frappe-bench/apps/frappe/frappe/model/document.py", line 579, in _save
    return self.insert()
  File "/workspace/frappe-bench/apps/frappe/frappe/model/document.py", line 513, in insert
    self.run_post_save_methods()
  File "/workspace/frappe-bench/apps/frappe/frappe/model/document.py", line 1456, in run_post_save_methods
    self.run_method("on_update")
  File "/workspace/frappe-bench/apps/frappe/frappe/model/document.py", line 1260, in run_method
    out = Document.hook(fn)(self, *args, **kwargs)
  File "/workspace/frappe-bench/apps/frappe/frappe/model/document.py", line 1661, in composer
    return composed(self, method, *args, **kwargs)
  File "/workspace/frappe-bench/apps/frappe/frappe/model/document.py", line 1635, in runner
    add_to_return_value(self, fn(self, *args, **kwargs))
  File "/workspace/frappe-bench/apps/frappe/frappe/model/document.py", line 1257, in fn
    return method_object(*args, **kwargs)
  File "/workspace/frappe-bench/apps/erpnext/erpnext/accounts/doctype/payment_ledger_entry/payment_ledger_entry.py", line 174, in on_update
    update_voucher_outstanding(
  File "/workspace/frappe-bench/apps/erpnext/erpnext/accounts/utils.py", line 2167, in update_voucher_outstanding
    voucher_outstanding = ple_query.get_voucher_outstandings(vouchers, common_filter=common_filter)
  File "/workspace/frappe-bench/apps/erpnext/erpnext/accounts/utils.py", line 2487, in get_voucher_outstandings
    self.query_for_outstanding()
  File "/workspace/frappe-bench/apps/erpnext/erpnext/accounts/utils.py", line 2450, in query_for_outstanding
    self.voucher_outstandings = self.cte_query_voucher_amount_and_outstanding.run(as_dict=True)
  File "/workspace/frappe-bench/apps/frappe/frappe/query_builder/utils.py", line 139, in execute_query
    result = frappe.local.db.sql(query, params, *args, **kwargs)  # nosemgrep
  File "/workspace/frappe-bench/apps/frappe/frappe/database/postgres/database.py", line 234, in sql
    return super().sql(modify_query(query), modify_values(values), *args, **kwargs)
  File "/workspace/frappe-bench/apps/frappe/frappe/database/database.py", line 294, in sql
    traceback.print_stack()
Error in query:
column "tabPayment Ledger Entry.account" must appear in the GROUP BY clause or be used in an aggregate function
LINE 1: WITH vouchers AS (SELECT "account","voucher_type","voucher_n...
                                 ^

Traceback (most recent call last):
  File "/workspace/frappe-bench/generate_run.py", line 308, in <module>
    sinv.submit()
    ~~~~~~~~~~~^^
  File "/workspace/frappe-bench/apps/frappe/frappe/utils/typing_validations.py", line 36, in wrapper
    return func(*args, **kwargs)
  File "/workspace/frappe-bench/apps/frappe/frappe/model/document.py", line 1349, in submit
    return self._submit()
           ~~~~~~~~~~~~^^
  File "/workspace/frappe-bench/apps/frappe/frappe/model/document.py", line 1330, in _submit
    return self.save()
           ~~~~~~~~~^^
  File "/workspace/frappe-bench/apps/frappe/frappe/model/document.py", line 557, in save
    return self._save(*args, **kwargs)
           ~~~~~~~~~~^^^^^^^^^^^^^^^^^
  File "/workspace/frappe-bench/apps/frappe/frappe/model/document.py", line 612, in _save
    self.run_post_save_methods()
    ~~~~~~~~~~~~~~~~~~~~~~~~~~^^
  File "/workspace/frappe-bench/apps/frappe/frappe/model/document.py", line 1457, in run_post_save_methods
    self.run_method("on_submit")
    ~~~~~~~~~~~~~~~^^^^^^^^^^^^^
  File "/workspace/frappe-bench/apps/frappe/frappe/model/document.py", line 1260, in run_method
    out = Document.hook(fn)(self, *args, **kwargs)
  File "/workspace/frappe-bench/apps/frappe/frappe/model/document.py", line 1661, in composer
    return composed(self, method, *args, **kwargs)
  File "/workspace/frappe-bench/apps/frappe/frappe/model/document.py", line 1635, in runner
    add_to_return_value(self, fn(self, *args, **kwargs))
                              ~~^^^^^^^^^^^^^^^^^^^^^^^
  File "/workspace/frappe-bench/apps/frappe/frappe/model/document.py", line 1257, in fn
    return method_object(*args, **kwargs)
  File "/workspace/frappe-bench/apps/erpnext/erpnext/accounts/doctype/sales_invoice/sales_invoice.py", line 510, in on_submit
    self.make_gl_entries()
    ~~~~~~~~~~~~~~~~~~~~^^
  File "/workspace/frappe-bench/apps/erpnext/erpnext/accounts/doctype/sales_invoice/sales_invoice.py", line 1607, in make_gl_entries
    make_gl_entries(
    ~~~~~~~~~~~~~~~^
    	gl_entries,
     ^^^^^^^^^^^
    ...<2 lines>...
    	from_repost=from_repost,
     ^^^^^^^^^^^^^^^^^^^^^^^^
    )
    ^
  File "/workspace/frappe-bench/apps/erpnext/erpnext/accounts/general_ledger.py", line 53, in make_gl_entries
    create_payment_ledger_entry(
    ~~~~~~~~~~~~~~~~~~~~~~~~~~~^
    	gl_map,
     ^^^^^^^
    ...<3 lines>...
    	from_repost=from_repost,
     ^^^^^^^^^^^^^^^^^^^^^^^^
    )
    ^
  File "/workspace/frappe-bench/apps/erpnext/erpnext/accounts/utils.py", line 2138, in create_payment_ledger_entry
    ple.submit()
    ~~~~~~~~~~^^
  File "/workspace/frappe-bench/apps/frappe/frappe/utils/typing_validations.py", line 36, in wrapper
    return func(*args, **kwargs)
  File "/workspace/frappe-bench/apps/frappe/frappe/model/document.py", line 1349, in submit
    return self._submit()
           ~~~~~~~~~~~~^^
  File "/workspace/frappe-bench/apps/frappe/frappe/model/document.py", line 1330, in _submit
    return self.save()
           ~~~~~~~~~^^
  File "/workspace/frappe-bench/apps/frappe/frappe/model/document.py", line 557, in save
    return self._save(*args, **kwargs)
           ~~~~~~~~~~^^^^^^^^^^^^^^^^^
  File "/workspace/frappe-bench/apps/frappe/frappe/model/document.py", line 579, in _save
    return self.insert()
           ~~~~~~~~~~~^^
  File "/workspace/frappe-bench/apps/frappe/frappe/model/document.py", line 513, in insert
    self.run_post_save_methods()
    ~~~~~~~~~~~~~~~~~~~~~~~~~~^^
  File "/workspace/frappe-bench/apps/frappe/frappe/model/document.py", line 1456, in run_post_save_methods
    self.run_method("on_update")
    ~~~~~~~~~~~~~~~^^^^^^^^^^^^^
  File "/workspace/frappe-bench/apps/frappe/frappe/model/document.py", line 1260, in run_method
    out = Document.hook(fn)(self, *args, **kwargs)
  File "/workspace/frappe-bench/apps/frappe/frappe/model/document.py", line 1661, in composer
    return composed(self, method, *args, **kwargs)
  File "/workspace/frappe-bench/apps/frappe/frappe/model/document.py", line 1635, in runner
    add_to_return_value(self, fn(self, *args, **kwargs))
                              ~~^^^^^^^^^^^^^^^^^^^^^^^
  File "/workspace/frappe-bench/apps/frappe/frappe/model/document.py", line 1257, in fn
    return method_object(*args, **kwargs)
  File "/workspace/frappe-bench/apps/erpnext/erpnext/accounts/doctype/payment_ledger_entry/payment_ledger_entry.py", line 174, in on_update
    update_voucher_outstanding(
    ~~~~~~~~~~~~~~~~~~~~~~~~~~^
    	self.against_voucher_type, self.against_voucher_no, self.account, self.party_type, self.party
     ^^^^^^^^^^^^^^^^^^^^^^^^^^^^^^^^^^^^^^^^^^^^^^^^^^^^^^^^^^^^^^^^^^^^^^^^^^^^^^^^^^^^^^^^^^^^^
    )
    ^
  File "/workspace/frappe-bench/apps/erpnext/erpnext/accounts/utils.py", line 2167, in update_voucher_outstanding
    voucher_outstanding = ple_query.get_voucher_outstandings(vouchers, common_filter=common_filter)
  File "/workspace/frappe-bench/apps/erpnext/erpnext/accounts/utils.py", line 2487, in get_voucher_outstandings
    self.query_for_outstanding()
    ~~~~~~~~~~~~~~~~~~~~~~~~~~^^
  File "/workspace/frappe-bench/apps/erpnext/erpnext/accounts/utils.py", line 2450, in query_for_outstanding
    self.voucher_outstandings = self.cte_query_voucher_amount_and_outstanding.run(as_dict=True)
                                ~~~~~~~~~~~~~~~~~~~~~~~~~~~~~~~~~~~~~~~~~~~~~~~~~^^^^^^^^^^^^^^
  File "/workspace/frappe-bench/apps/frappe/frappe/query_builder/utils.py", line 139, in execute_query
    result = frappe.local.db.sql(query, params, *args, **kwargs)  # nosemgrep
  File "/workspace/frappe-bench/apps/frappe/frappe/database/postgres/database.py", line 234, in sql
    return super().sql(modify_query(query), modify_values(values), *args, **kwargs)
           ~~~~~~~~~~~^^^^^^^^^^^^^^^^^^^^^^^^^^^^^^^^^^^^^^^^^^^^^^^^^^^^^^^^^^^^^
  File "/workspace/frappe-bench/apps/frappe/frappe/database/database.py", line 272, in sql
    self.execute_query(query, values)
    ~~~~~~~~~~~~~~~~~~^^^^^^^^^^^^^^^
  File "/workspace/frappe-bench/apps/frappe/frappe/database/database.py", line 372, in execute_query
    return self._cursor.execute(query, values)
           ~~~~~~~~~~~~~~~~~~~~^^^^^^^^^^^^^^^
psycopg2.errors.GroupingError: column "tabPayment Ledger Entry.account" must appear in the GROUP BY clause or be used in an aggregate function
LINE 1: WITH vouchers AS (SELECT "account","voucher_type","voucher_n...
                                 ^

Traceback (most recent call last):
  File "/workspace/frappe-bench/generate_run.py", line 408, in <module>
    pr.submit()
    ~~~~~~~~~^^
  File "/workspace/frappe-bench/apps/frappe/frappe/utils/typing_validations.py", line 36, in wrapper
    return func(*args, **kwargs)
  File "/workspace/frappe-bench/apps/frappe/frappe/model/document.py", line 1349, in submit
    return self._submit()
           ~~~~~~~~~~~~^^
  File "/workspace/frappe-bench/apps/frappe/frappe/model/document.py", line 1330, in _submit
    return self.save()
           ~~~~~~~~~^^
  File "/workspace/frappe-bench/apps/frappe/frappe/model/document.py", line 557, in save
    return self._save(*args, **kwargs)
           ~~~~~~~~~~^^^^^^^^^^^^^^^^^
  File "/workspace/frappe-bench/apps/frappe/frappe/model/document.py", line 612, in _save
    self.run_post_save_methods()
    ~~~~~~~~~~~~~~~~~~~~~~~~~~^^
  File "/workspace/frappe-bench/apps/frappe/frappe/model/document.py", line 1457, in run_post_save_methods
    self.run_method("on_submit")
    ~~~~~~~~~~~~~~~^^^^^^^^^^^^^
  File "/workspace/frappe-bench/apps/frappe/frappe/model/document.py", line 1260, in run_method
    out = Document.hook(fn)(self, *args, **kwargs)
  File "/workspace/frappe-bench/apps/frappe/frappe/model/document.py", line 1661, in composer
    return composed(self, method, *args, **kwargs)
  File "/workspace/frappe-bench/apps/frappe/frappe/model/document.py", line 1635, in runner
    add_to_return_value(self, fn(self, *args, **kwargs))
                              ~~^^^^^^^^^^^^^^^^^^^^^^^
  File "/workspace/frappe-bench/apps/frappe/frappe/model/document.py", line 1257, in fn
    return method_object(*args, **kwargs)
  File "/workspace/frappe-bench/apps/erpnext/erpnext/stock/doctype/purchase_receipt/purchase_receipt.py", line 395, in on_submit
    self.update_stock_ledger()
    ~~~~~~~~~~~~~~~~~~~~~~~~^^
  File "/workspace/frappe-bench/apps/erpnext/erpnext/controllers/buying_controller.py", line 944, in update_stock_ledger
    self.make_sl_entries(
    ~~~~~~~~~~~~~~~~~~~~^
    	sl_entries,
     ^^^^^^^^^^^
    	allow_negative_stock=allow_negative_stock,
     ^^^^^^^^^^^^^^^^^^^^^^^^^^^^^^^^^^^^^^^^^^
    	via_landed_cost_voucher=via_landed_cost_voucher,
     ^^^^^^^^^^^^^^^^^^^^^^^^^^^^^^^^^^^^^^^^^^^^^^^^
    )
    ^
  File "/workspace/frappe-bench/apps/erpnext/erpnext/controllers/stock_controller.py", line 1432, in make_sl_entries
    make_sl_entries(sl_entries, allow_negative_stock, via_landed_cost_voucher)
    ~~~~~~~~~~~~~~~^^^^^^^^^^^^^^^^^^^^^^^^^^^^^^^^^^^^^^^^^^^^^^^^^^^^^^^^^^^
  File "/workspace/frappe-bench/apps/erpnext/erpnext/stock/stock_ledger.py", line 98, in make_sl_entries
    validate_stock_frozen_by_closing_entry(sl_entries)
    ~~~~~~~~~~~~~~~~~~~~~~~~~~~~~~~~~~~~~~^^^^^^^^^^^^
  File "/workspace/frappe-bench/apps/erpnext/erpnext/stock/stock_ledger.py", line 67, in validate_stock_frozen_by_closing_entry
    closing_entry = get_closing_entry_for_closed_period(company)
  File "/workspace/frappe-bench/apps/erpnext/erpnext/stock/doctype/stock_closing_entry/stock_closing_entry.py", line 30, in get_closing_entry_for_closed_period
    	closed_upto = frappe.db.sql(
                   ~~~~~~~~~~~~~^
     	'SELECT MAX(period_end_date) FROM "tabPeriod Closing Voucher" WHERE docstatus=1 AND company=%s',
      ^^^^^^^^^^^^^^^^^^^^^^^^^^^^^^^^^^^^^^^^^^^^^^^^^^^^^^^^^^^^^^^^^^^^^^^^^^^^^^^^^^^^^^^^^^^^^^^^
     	company,
      ^^^^^^^^
     	as_scalar=True,
      ^^^^^^^^^^^^^^^
     )
     ^
  File "/workspace/frappe-bench/apps/frappe/frappe/database/postgres/database.py", line 234, in sql
    return super().sql(modify_query(query), modify_values(values), *args, **kwargs)
           ~~~~~~~~~~~^^^^^^^^^^^^^^^^^^^^^^^^^^^^^^^^^^^^^^^^^^^^^^^^^^^^^^^^^^^^^
TypeError: Database.sql() got an unexpected keyword argument 'as_scalar'
Traceback (most recent call last):
  File "/workspace/frappe-bench/generate_run.py", line 504, in <module>
    se.submit()
    ~~~~~~~~~^^
  File "/workspace/frappe-bench/apps/frappe/frappe/utils/typing_validations.py", line 36, in wrapper
    return func(*args, **kwargs)
  File "/workspace/frappe-bench/apps/frappe/frappe/model/document.py", line 1349, in submit
    return self._submit()
           ~~~~~~~~~~~~^^
  File "/workspace/frappe-bench/apps/frappe/frappe/model/document.py", line 1330, in _submit
    return self.save()
           ~~~~~~~~~^^
  File "/workspace/frappe-bench/apps/frappe/frappe/model/document.py", line 557, in save
    return self._save(*args, **kwargs)
           ~~~~~~~~~~^^^^^^^^^^^^^^^^^
  File "/workspace/frappe-bench/apps/frappe/frappe/model/document.py", line 612, in _save
    self.run_post_save_methods()
    ~~~~~~~~~~~~~~~~~~~~~~~~~~^^
  File "/workspace/frappe-bench/apps/frappe/frappe/model/document.py", line 1457, in run_post_save_methods
    self.run_method("on_submit")
    ~~~~~~~~~~~~~~~^^^^^^^^^^^^^
  File "/workspace/frappe-bench/apps/frappe/frappe/model/document.py", line 1260, in run_method
    out = Document.hook(fn)(self, *args, **kwargs)
  File "/workspace/frappe-bench/apps/frappe/frappe/model/document.py", line 1661, in composer
    return composed(self, method, *args, **kwargs)
  File "/workspace/frappe-bench/apps/frappe/frappe/model/document.py", line 1635, in runner
    add_to_return_value(self, fn(self, *args, **kwargs))
                              ~~^^^^^^^^^^^^^^^^^^^^^^^
  File "/workspace/frappe-bench/apps/frappe/frappe/model/document.py", line 1257, in fn
    return method_object(*args, **kwargs)
  File "/workspace/frappe-bench/apps/erpnext/erpnext/stock/doctype/stock_entry/stock_entry.py", line 572, in on_submit
    self.update_stock_ledger()
    ~~~~~~~~~~~~~~~~~~~~~~~~^^
  File "/workspace/frappe-bench/apps/erpnext/erpnext/stock/doctype/stock_entry/stock_entry.py", line 2227, in update_stock_ledger
    self.make_sl_entries(
    ~~~~~~~~~~~~~~~~~~~~^
    	sl_entries,
     ^^^^^^^^^^^
    	allow_negative_stock=allow_negative_stock,
     ^^^^^^^^^^^^^^^^^^^^^^^^^^^^^^^^^^^^^^^^^^
    	via_landed_cost_voucher=via_landed_cost_voucher,
     ^^^^^^^^^^^^^^^^^^^^^^^^^^^^^^^^^^^^^^^^^^^^^^^^
    )
    ^
  File "/workspace/frappe-bench/apps/erpnext/erpnext/controllers/stock_controller.py", line 1432, in make_sl_entries
    make_sl_entries(sl_entries, allow_negative_stock, via_landed_cost_voucher)
    ~~~~~~~~~~~~~~~^^^^^^^^^^^^^^^^^^^^^^^^^^^^^^^^^^^^^^^^^^^^^^^^^^^^^^^^^^^
  File "/workspace/frappe-bench/apps/erpnext/erpnext/stock/stock_ledger.py", line 98, in make_sl_entries
    validate_stock_frozen_by_closing_entry(sl_entries)
    ~~~~~~~~~~~~~~~~~~~~~~~~~~~~~~~~~~~~~~^^^^^^^^^^^^
  File "/workspace/frappe-bench/apps/erpnext/erpnext/stock/stock_ledger.py", line 67, in validate_stock_frozen_by_closing_entry
    closing_entry = get_closing_entry_for_closed_period(company)
  File "/workspace/frappe-bench/apps/erpnext/erpnext/stock/doctype/stock_closing_entry/stock_closing_entry.py", line 30, in get_closing_entry_for_closed_period
    	closed_upto = frappe.db.sql(
                   ~~~~~~~~~~~~~^
     	'SELECT MAX(period_end_date) FROM "tabPeriod Closing Voucher" WHERE docstatus=1 AND company=%s',
      ^^^^^^^^^^^^^^^^^^^^^^^^^^^^^^^^^^^^^^^^^^^^^^^^^^^^^^^^^^^^^^^^^^^^^^^^^^^^^^^^^^^^^^^^^^^^^^^^
     	company,
      ^^^^^^^^
     	as_scalar=True,
      ^^^^^^^^^^^^^^^
     )
     ^
  File "/workspace/frappe-bench/apps/frappe/frappe/database/postgres/database.py", line 234, in sql
    return super().sql(modify_query(query), modify_values(values), *args, **kwargs)
           ~~~~~~~~~~~^^^^^^^^^^^^^^^^^^^^^^^^^^^^^^^^^^^^^^^^^^^^^^^^^^^^^^^^^^^^^
TypeError: Database.sql() got an unexpected keyword argument 'as_scalar'
  File "/workspace/frappe-bench/generate_run.py", line 308, in <module>
    sinv.submit()
  File "/workspace/frappe-bench/apps/frappe/frappe/utils/typing_validations.py", line 36, in wrapper
    return func(*args, **kwargs)
  File "/workspace/frappe-bench/apps/frappe/frappe/model/document.py", line 1349, in submit
    return self._submit()
  File "/workspace/frappe-bench/apps/frappe/frappe/model/document.py", line 1330, in _submit
    return self.save()
  File "/workspace/frappe-bench/apps/frappe/frappe/model/document.py", line 557, in save
    return self._save(*args, **kwargs)
  File "/workspace/frappe-bench/apps/frappe/frappe/model/document.py", line 612, in _save
    self.run_post_save_methods()
  File "/workspace/frappe-bench/apps/frappe/frappe/model/document.py", line 1457, in run_post_save_methods
    self.run_method("on_submit")
  File "/workspace/frappe-bench/apps/frappe/frappe/model/document.py", line 1260, in run_method
    out = Document.hook(fn)(self, *args, **kwargs)
  File "/workspace/frappe-bench/apps/frappe/frappe/model/document.py", line 1661, in composer
    return composed(self, method, *args, **kwargs)
  File "/workspace/frappe-bench/apps/frappe/frappe/model/document.py", line 1635, in runner
    add_to_return_value(self, fn(self, *args, **kwargs))
  File "/workspace/frappe-bench/apps/frappe/frappe/model/document.py", line 1257, in fn
    return method_object(*args, **kwargs)
  File "/workspace/frappe-bench/apps/erpnext/erpnext/accounts/doctype/sales_invoice/sales_invoice.py", line 510, in on_submit
    self.make_gl_entries()
  File "/workspace/frappe-bench/apps/erpnext/erpnext/accounts/doctype/sales_invoice/sales_invoice.py", line 1607, in make_gl_entries
    make_gl_entries(
  File "/workspace/frappe-bench/apps/erpnext/erpnext/accounts/general_ledger.py", line 53, in make_gl_entries
    create_payment_ledger_entry(
  File "/workspace/frappe-bench/apps/erpnext/erpnext/accounts/utils.py", line 2138, in create_payment_ledger_entry
    ple.submit()
  File "/workspace/frappe-bench/apps/frappe/frappe/utils/typing_validations.py", line 36, in wrapper
    return func(*args, **kwargs)
  File "/workspace/frappe-bench/apps/frappe/frappe/model/document.py", line 1349, in submit
    return self._submit()
  File "/workspace/frappe-bench/apps/frappe/frappe/model/document.py", line 1330, in _submit
    return self.save()
  File "/workspace/frappe-bench/apps/frappe/frappe/model/document.py", line 557, in save
    return self._save(*args, **kwargs)
  File "/workspace/frappe-bench/apps/frappe/frappe/model/document.py", line 579, in _save
    return self.insert()
  File "/workspace/frappe-bench/apps/frappe/frappe/model/document.py", line 513, in insert
    self.run_post_save_methods()
  File "/workspace/frappe-bench/apps/frappe/frappe/model/document.py", line 1456, in run_post_save_methods
    self.run_method("on_update")
  File "/workspace/frappe-bench/apps/frappe/frappe/model/document.py", line 1260, in run_method
    out = Document.hook(fn)(self, *args, **kwargs)
  File "/workspace/frappe-bench/apps/frappe/frappe/model/document.py", line 1661, in composer
    return composed(self, method, *args, **kwargs)
  File "/workspace/frappe-bench/apps/frappe/frappe/model/document.py", line 1635, in runner
    add_to_return_value(self, fn(self, *args, **kwargs))
  File "/workspace/frappe-bench/apps/frappe/frappe/model/document.py", line 1257, in fn
    return method_object(*args, **kwargs)
  File "/workspace/frappe-bench/apps/erpnext/erpnext/accounts/doctype/payment_ledger_entry/payment_ledger_entry.py", line 174, in on_update
    update_voucher_outstanding(
  File "/workspace/frappe-bench/apps/erpnext/erpnext/accounts/utils.py", line 2167, in update_voucher_outstanding
    voucher_outstanding = ple_query.get_voucher_outstandings(vouchers, common_filter=common_filter)
  File "/workspace/frappe-bench/apps/erpnext/erpnext/accounts/utils.py", line 2487, in get_voucher_outstandings
    self.query_for_outstanding()
  File "/workspace/frappe-bench/apps/erpnext/erpnext/accounts/utils.py", line 2450, in query_for_outstanding
    self.voucher_outstandings = self.cte_query_voucher_amount_and_outstanding.run(as_dict=True)
  File "/workspace/frappe-bench/apps/frappe/frappe/query_builder/utils.py", line 139, in execute_query
    result = frappe.local.db.sql(query, params, *args, **kwargs)  # nosemgrep
  File "/workspace/frappe-bench/apps/frappe/frappe/database/postgres/database.py", line 234, in sql
    return super().sql(modify_query(query), modify_values(values), *args, **kwargs)
  File "/workspace/frappe-bench/apps/frappe/frappe/database/database.py", line 294, in sql
    traceback.print_stack()
Error in query:
column "tabPayment Ledger Entry.account" must appear in the GROUP BY clause or be used in an aggregate function
LINE 1: WITH vouchers AS (SELECT "account","voucher_type","voucher_n...
                                 ^

Traceback (most recent call last):
  File "/workspace/frappe-bench/generate_run.py", line 308, in <module>
    sinv.submit()
    ~~~~~~~~~~~^^
  File "/workspace/frappe-bench/apps/frappe/frappe/utils/typing_validations.py", line 36, in wrapper
    return func(*args, **kwargs)
  File "/workspace/frappe-bench/apps/frappe/frappe/model/document.py", line 1349, in submit
    return self._submit()
           ~~~~~~~~~~~~^^
  File "/workspace/frappe-bench/apps/frappe/frappe/model/document.py", line 1330, in _submit
    return self.save()
           ~~~~~~~~~^^
  File "/workspace/frappe-bench/apps/frappe/frappe/model/document.py", line 557, in save
    return self._save(*args, **kwargs)
           ~~~~~~~~~~^^^^^^^^^^^^^^^^^
  File "/workspace/frappe-bench/apps/frappe/frappe/model/document.py", line 612, in _save
    self.run_post_save_methods()
    ~~~~~~~~~~~~~~~~~~~~~~~~~~^^
  File "/workspace/frappe-bench/apps/frappe/frappe/model/document.py", line 1457, in run_post_save_methods
    self.run_method("on_submit")
    ~~~~~~~~~~~~~~~^^^^^^^^^^^^^
  File "/workspace/frappe-bench/apps/frappe/frappe/model/document.py", line 1260, in run_method
    out = Document.hook(fn)(self, *args, **kwargs)
  File "/workspace/frappe-bench/apps/frappe/frappe/model/document.py", line 1661, in composer
    return composed(self, method, *args, **kwargs)
  File "/workspace/frappe-bench/apps/frappe/frappe/model/document.py", line 1635, in runner
    add_to_return_value(self, fn(self, *args, **kwargs))
                              ~~^^^^^^^^^^^^^^^^^^^^^^^
  File "/workspace/frappe-bench/apps/frappe/frappe/model/document.py", line 1257, in fn
    return method_object(*args, **kwargs)
  File "/workspace/frappe-bench/apps/erpnext/erpnext/accounts/doctype/sales_invoice/sales_invoice.py", line 510, in on_submit
    self.make_gl_entries()
    ~~~~~~~~~~~~~~~~~~~~^^
  File "/workspace/frappe-bench/apps/erpnext/erpnext/accounts/doctype/sales_invoice/sales_invoice.py", line 1607, in make_gl_entries
    make_gl_entries(
    ~~~~~~~~~~~~~~~^
    	gl_entries,
     ^^^^^^^^^^^
    ...<2 lines>...
    	from_repost=from_repost,
     ^^^^^^^^^^^^^^^^^^^^^^^^
    )
    ^
  File "/workspace/frappe-bench/apps/erpnext/erpnext/accounts/general_ledger.py", line 53, in make_gl_entries
    create_payment_ledger_entry(
    ~~~~~~~~~~~~~~~~~~~~~~~~~~~^
    	gl_map,
     ^^^^^^^
    ...<3 lines>...
    	from_repost=from_repost,
     ^^^^^^^^^^^^^^^^^^^^^^^^
    )
    ^
  File "/workspace/frappe-bench/apps/erpnext/erpnext/accounts/utils.py", line 2138, in create_payment_ledger_entry
    ple.submit()
    ~~~~~~~~~~^^
  File "/workspace/frappe-bench/apps/frappe/frappe/utils/typing_validations.py", line 36, in wrapper
    return func(*args, **kwargs)
  File "/workspace/frappe-bench/apps/frappe/frappe/model/document.py", line 1349, in submit
    return self._submit()
           ~~~~~~~~~~~~^^
  File "/workspace/frappe-bench/apps/frappe/frappe/model/document.py", line 1330, in _submit
    return self.save()
           ~~~~~~~~~^^
  File "/workspace/frappe-bench/apps/frappe/frappe/model/document.py", line 557, in save
    return self._save(*args, **kwargs)
           ~~~~~~~~~~^^^^^^^^^^^^^^^^^
  File "/workspace/frappe-bench/apps/frappe/frappe/model/document.py", line 579, in _save
    return self.insert()
           ~~~~~~~~~~~^^
  File "/workspace/frappe-bench/apps/frappe/frappe/model/document.py", line 513, in insert
    self.run_post_save_methods()
    ~~~~~~~~~~~~~~~~~~~~~~~~~~^^
  File "/workspace/frappe-bench/apps/frappe/frappe/model/document.py", line 1456, in run_post_save_methods
    self.run_method("on_update")
    ~~~~~~~~~~~~~~~^^^^^^^^^^^^^
  File "/workspace/frappe-bench/apps/frappe/frappe/model/document.py", line 1260, in run_method
    out = Document.hook(fn)(self, *args, **kwargs)
  File "/workspace/frappe-bench/apps/frappe/frappe/model/document.py", line 1661, in composer
    return composed(self, method, *args, **kwargs)
  File "/workspace/frappe-bench/apps/frappe/frappe/model/document.py", line 1635, in runner
    add_to_return_value(self, fn(self, *args, **kwargs))
                              ~~^^^^^^^^^^^^^^^^^^^^^^^
  File "/workspace/frappe-bench/apps/frappe/frappe/model/document.py", line 1257, in fn
    return method_object(*args, **kwargs)
  File "/workspace/frappe-bench/apps/erpnext/erpnext/accounts/doctype/payment_ledger_entry/payment_ledger_entry.py", line 174, in on_update
    update_voucher_outstanding(
    ~~~~~~~~~~~~~~~~~~~~~~~~~~^
    	self.against_voucher_type, self.against_voucher_no, self.account, self.party_type, self.party
     ^^^^^^^^^^^^^^^^^^^^^^^^^^^^^^^^^^^^^^^^^^^^^^^^^^^^^^^^^^^^^^^^^^^^^^^^^^^^^^^^^^^^^^^^^^^^^
    )
    ^
  File "/workspace/frappe-bench/apps/erpnext/erpnext/accounts/utils.py", line 2167, in update_voucher_outstanding
    voucher_outstanding = ple_query.get_voucher_outstandings(vouchers, common_filter=common_filter)
  File "/workspace/frappe-bench/apps/erpnext/erpnext/accounts/utils.py", line 2487, in get_voucher_outstandings
    self.query_for_outstanding()
    ~~~~~~~~~~~~~~~~~~~~~~~~~~^^
  File "/workspace/frappe-bench/apps/erpnext/erpnext/accounts/utils.py", line 2450, in query_for_outstanding
    self.voucher_outstandings = self.cte_query_voucher_amount_and_outstanding.run(as_dict=True)
                                ~~~~~~~~~~~~~~~~~~~~~~~~~~~~~~~~~~~~~~~~~~~~~~~~~^^^^^^^^^^^^^^
  File "/workspace/frappe-bench/apps/frappe/frappe/query_builder/utils.py", line 139, in execute_query
    result = frappe.local.db.sql(query, params, *args, **kwargs)  # nosemgrep
  File "/workspace/frappe-bench/apps/frappe/frappe/database/postgres/database.py", line 234, in sql
    return super().sql(modify_query(query), modify_values(values), *args, **kwargs)
           ~~~~~~~~~~~^^^^^^^^^^^^^^^^^^^^^^^^^^^^^^^^^^^^^^^^^^^^^^^^^^^^^^^^^^^^^
  File "/workspace/frappe-bench/apps/frappe/frappe/database/database.py", line 272, in sql
    self.execute_query(query, values)
    ~~~~~~~~~~~~~~~~~~^^^^^^^^^^^^^^^
  File "/workspace/frappe-bench/apps/frappe/frappe/database/database.py", line 372, in execute_query
    return self._cursor.execute(query, values)
           ~~~~~~~~~~~~~~~~~~~~^^^^^^^^^^^^^^^
psycopg2.errors.GroupingError: column "tabPayment Ledger Entry.account" must appear in the GROUP BY clause or be used in an aggregate function
LINE 1: WITH vouchers AS (SELECT "account","voucher_type","voucher_n...
                                 ^

Traceback (most recent call last):
  File "/workspace/frappe-bench/generate_run.py", line 408, in <module>
    pr.submit()
    ~~~~~~~~~^^
  File "/workspace/frappe-bench/apps/frappe/frappe/utils/typing_validations.py", line 36, in wrapper
    return func(*args, **kwargs)
  File "/workspace/frappe-bench/apps/frappe/frappe/model/document.py", line 1349, in submit
    return self._submit()
           ~~~~~~~~~~~~^^
  File "/workspace/frappe-bench/apps/frappe/frappe/model/document.py", line 1330, in _submit
    return self.save()
           ~~~~~~~~~^^
  File "/workspace/frappe-bench/apps/frappe/frappe/model/document.py", line 557, in save
    return self._save(*args, **kwargs)
           ~~~~~~~~~~^^^^^^^^^^^^^^^^^
  File "/workspace/frappe-bench/apps/frappe/frappe/model/document.py", line 612, in _save
    self.run_post_save_methods()
    ~~~~~~~~~~~~~~~~~~~~~~~~~~^^
  File "/workspace/frappe-bench/apps/frappe/frappe/model/document.py", line 1457, in run_post_save_methods
    self.run_method("on_submit")
    ~~~~~~~~~~~~~~~^^^^^^^^^^^^^
  File "/workspace/frappe-bench/apps/frappe/frappe/model/document.py", line 1260, in run_method
    out = Document.hook(fn)(self, *args, **kwargs)
  File "/workspace/frappe-bench/apps/frappe/frappe/model/document.py", line 1661, in composer
    return composed(self, method, *args, **kwargs)
  File "/workspace/frappe-bench/apps/frappe/frappe/model/document.py", line 1635, in runner
    add_to_return_value(self, fn(self, *args, **kwargs))
                              ~~^^^^^^^^^^^^^^^^^^^^^^^
  File "/workspace/frappe-bench/apps/frappe/frappe/model/document.py", line 1257, in fn
    return method_object(*args, **kwargs)
  File "/workspace/frappe-bench/apps/erpnext/erpnext/stock/doctype/purchase_receipt/purchase_receipt.py", line 395, in on_submit
    self.update_stock_ledger()
    ~~~~~~~~~~~~~~~~~~~~~~~~^^
  File "/workspace/frappe-bench/apps/erpnext/erpnext/controllers/buying_controller.py", line 944, in update_stock_ledger
    self.make_sl_entries(
    ~~~~~~~~~~~~~~~~~~~~^
    	sl_entries,
     ^^^^^^^^^^^
    	allow_negative_stock=allow_negative_stock,
     ^^^^^^^^^^^^^^^^^^^^^^^^^^^^^^^^^^^^^^^^^^
    	via_landed_cost_voucher=via_landed_cost_voucher,
     ^^^^^^^^^^^^^^^^^^^^^^^^^^^^^^^^^^^^^^^^^^^^^^^^
    )
    ^
  File "/workspace/frappe-bench/apps/erpnext/erpnext/controllers/stock_controller.py", line 1432, in make_sl_entries
    make_sl_entries(sl_entries, allow_negative_stock, via_landed_cost_voucher)
    ~~~~~~~~~~~~~~~^^^^^^^^^^^^^^^^^^^^^^^^^^^^^^^^^^^^^^^^^^^^^^^^^^^^^^^^^^^
  File "/workspace/frappe-bench/apps/erpnext/erpnext/stock/stock_ledger.py", line 98, in make_sl_entries
    validate_stock_frozen_by_closing_entry(sl_entries)
    ~~~~~~~~~~~~~~~~~~~~~~~~~~~~~~~~~~~~~~^^^^^^^^^^^^
  File "/workspace/frappe-bench/apps/erpnext/erpnext/stock/stock_ledger.py", line 67, in validate_stock_frozen_by_closing_entry
    closing_entry = get_closing_entry_for_closed_period(company)
  File "/workspace/frappe-bench/apps/erpnext/erpnext/stock/doctype/stock_closing_entry/stock_closing_entry.py", line 30, in get_closing_entry_for_closed_period
    	closed_upto = frappe.db.sql(
                   ~~~~~~~~~~~~~^
     	'SELECT MAX(period_end_date) FROM "tabPeriod Closing Voucher" WHERE docstatus=1 AND company=%s',
      ^^^^^^^^^^^^^^^^^^^^^^^^^^^^^^^^^^^^^^^^^^^^^^^^^^^^^^^^^^^^^^^^^^^^^^^^^^^^^^^^^^^^^^^^^^^^^^^^
     	company,
      ^^^^^^^^
     	as_scalar=True,
      ^^^^^^^^^^^^^^^
     )
     ^
  File "/workspace/frappe-bench/apps/frappe/frappe/database/postgres/database.py", line 234, in sql
    return super().sql(modify_query(query), modify_values(values), *args, **kwargs)
           ~~~~~~~~~~~^^^^^^^^^^^^^^^^^^^^^^^^^^^^^^^^^^^^^^^^^^^^^^^^^^^^^^^^^^^^^
TypeError: Database.sql() got an unexpected keyword argument 'as_scalar'
Traceback (most recent call last):
  File "/workspace/frappe-bench/generate_run.py", line 504, in <module>
    se.submit()
    ~~~~~~~~~^^
  File "/workspace/frappe-bench/apps/frappe/frappe/utils/typing_validations.py", line 36, in wrapper
    return func(*args, **kwargs)
  File "/workspace/frappe-bench/apps/frappe/frappe/model/document.py", line 1349, in submit
    return self._submit()
           ~~~~~~~~~~~~^^
  File "/workspace/frappe-bench/apps/frappe/frappe/model/document.py", line 1330, in _submit
    return self.save()
           ~~~~~~~~~^^
  File "/workspace/frappe-bench/apps/frappe/frappe/model/document.py", line 557, in save
    return self._save(*args, **kwargs)
           ~~~~~~~~~~^^^^^^^^^^^^^^^^^
  File "/workspace/frappe-bench/apps/frappe/frappe/model/document.py", line 612, in _save
    self.run_post_save_methods()
    ~~~~~~~~~~~~~~~~~~~~~~~~~~^^
  File "/workspace/frappe-bench/apps/frappe/frappe/model/document.py", line 1457, in run_post_save_methods
    self.run_method("on_submit")
    ~~~~~~~~~~~~~~~^^^^^^^^^^^^^
  File "/workspace/frappe-bench/apps/frappe/frappe/model/document.py", line 1260, in run_method
    out = Document.hook(fn)(self, *args, **kwargs)
  File "/workspace/frappe-bench/apps/frappe/frappe/model/document.py", line 1661, in composer
    return composed(self, method, *args, **kwargs)
  File "/workspace/frappe-bench/apps/frappe/frappe/model/document.py", line 1635, in runner
    add_to_return_value(self, fn(self, *args, **kwargs))
                              ~~^^^^^^^^^^^^^^^^^^^^^^^
  File "/workspace/frappe-bench/apps/frappe/frappe/model/document.py", line 1257, in fn
    return method_object(*args, **kwargs)
  File "/workspace/frappe-bench/apps/erpnext/erpnext/stock/doctype/stock_entry/stock_entry.py", line 572, in on_submit
    self.update_stock_ledger()
    ~~~~~~~~~~~~~~~~~~~~~~~~^^
  File "/workspace/frappe-bench/apps/erpnext/erpnext/stock/doctype/stock_entry/stock_entry.py", line 2227, in update_stock_ledger
    self.make_sl_entries(
    ~~~~~~~~~~~~~~~~~~~~^
    	sl_entries,
     ^^^^^^^^^^^
    	allow_negative_stock=allow_negative_stock,
     ^^^^^^^^^^^^^^^^^^^^^^^^^^^^^^^^^^^^^^^^^^
    	via_landed_cost_voucher=via_landed_cost_voucher,
     ^^^^^^^^^^^^^^^^^^^^^^^^^^^^^^^^^^^^^^^^^^^^^^^^
    )
    ^
  File "/workspace/frappe-bench/apps/erpnext/erpnext/controllers/stock_controller.py", line 1432, in make_sl_entries
    make_sl_entries(sl_entries, allow_negative_stock, via_landed_cost_voucher)
    ~~~~~~~~~~~~~~~^^^^^^^^^^^^^^^^^^^^^^^^^^^^^^^^^^^^^^^^^^^^^^^^^^^^^^^^^^^
  File "/workspace/frappe-bench/apps/erpnext/erpnext/stock/stock_ledger.py", line 98, in make_sl_entries
    validate_stock_frozen_by_closing_entry(sl_entries)
    ~~~~~~~~~~~~~~~~~~~~~~~~~~~~~~~~~~~~~~^^^^^^^^^^^^
  File "/workspace/frappe-bench/apps/erpnext/erpnext/stock/stock_ledger.py", line 67, in validate_stock_frozen_by_closing_entry
    closing_entry = get_closing_entry_for_closed_period(company)
  File "/workspace/frappe-bench/apps/erpnext/erpnext/stock/doctype/stock_closing_entry/stock_closing_entry.py", line 30, in get_closing_entry_for_closed_period
    	closed_upto = frappe.db.sql(
                   ~~~~~~~~~~~~~^
     	'SELECT MAX(period_end_date) FROM "tabPeriod Closing Voucher" WHERE docstatus=1 AND company=%s',
      ^^^^^^^^^^^^^^^^^^^^^^^^^^^^^^^^^^^^^^^^^^^^^^^^^^^^^^^^^^^^^^^^^^^^^^^^^^^^^^^^^^^^^^^^^^^^^^^^
     	company,
      ^^^^^^^^
     	as_scalar=True,
      ^^^^^^^^^^^^^^^
     )
     ^
  File "/workspace/frappe-bench/apps/frappe/frappe/database/postgres/database.py", line 234, in sql
    return super().sql(modify_query(query), modify_values(values), *args, **kwargs)
           ~~~~~~~~~~~^^^^^^^^^^^^^^^^^^^^^^^^^^^^^^^^^^^^^^^^^^^^^^^^^^^^^^^^^^^^^
TypeError: Database.sql() got an unexpected keyword argument 'as_scalar'
  File "/workspace/frappe-bench/generate_run.py", line 308, in <module>
    sinv.submit()
  File "/workspace/frappe-bench/apps/frappe/frappe/utils/typing_validations.py", line 36, in wrapper
    return func(*args, **kwargs)
  File "/workspace/frappe-bench/apps/frappe/frappe/model/document.py", line 1349, in submit
    return self._submit()
  File "/workspace/frappe-bench/apps/frappe/frappe/model/document.py", line 1330, in _submit
    return self.save()
  File "/workspace/frappe-bench/apps/frappe/frappe/model/document.py", line 557, in save
    return self._save(*args, **kwargs)
  File "/workspace/frappe-bench/apps/frappe/frappe/model/document.py", line 612, in _save
    self.run_post_save_methods()
  File "/workspace/frappe-bench/apps/frappe/frappe/model/document.py", line 1457, in run_post_save_methods
    self.run_method("on_submit")
  File "/workspace/frappe-bench/apps/frappe/frappe/model/document.py", line 1260, in run_method
    out = Document.hook(fn)(self, *args, **kwargs)
  File "/workspace/frappe-bench/apps/frappe/frappe/model/document.py", line 1661, in composer
    return composed(self, method, *args, **kwargs)
  File "/workspace/frappe-bench/apps/frappe/frappe/model/document.py", line 1635, in runner
    add_to_return_value(self, fn(self, *args, **kwargs))
  File "/workspace/frappe-bench/apps/frappe/frappe/model/document.py", line 1257, in fn
    return method_object(*args, **kwargs)
  File "/workspace/frappe-bench/apps/erpnext/erpnext/accounts/doctype/sales_invoice/sales_invoice.py", line 510, in on_submit
    self.make_gl_entries()
  File "/workspace/frappe-bench/apps/erpnext/erpnext/accounts/doctype/sales_invoice/sales_invoice.py", line 1607, in make_gl_entries
    make_gl_entries(
  File "/workspace/frappe-bench/apps/erpnext/erpnext/accounts/general_ledger.py", line 53, in make_gl_entries
    create_payment_ledger_entry(
  File "/workspace/frappe-bench/apps/erpnext/erpnext/accounts/utils.py", line 2138, in create_payment_ledger_entry
    ple.submit()
  File "/workspace/frappe-bench/apps/frappe/frappe/utils/typing_validations.py", line 36, in wrapper
    return func(*args, **kwargs)
  File "/workspace/frappe-bench/apps/frappe/frappe/model/document.py", line 1349, in submit
    return self._submit()
  File "/workspace/frappe-bench/apps/frappe/frappe/model/document.py", line 1330, in _submit
    return self.save()
  File "/workspace/frappe-bench/apps/frappe/frappe/model/document.py", line 557, in save
    return self._save(*args, **kwargs)
  File "/workspace/frappe-bench/apps/frappe/frappe/model/document.py", line 579, in _save
    return self.insert()
  File "/workspace/frappe-bench/apps/frappe/frappe/model/document.py", line 513, in insert
    self.run_post_save_methods()
  File "/workspace/frappe-bench/apps/frappe/frappe/model/document.py", line 1456, in run_post_save_methods
    self.run_method("on_update")
  File "/workspace/frappe-bench/apps/frappe/frappe/model/document.py", line 1260, in run_method
    out = Document.hook(fn)(self, *args, **kwargs)
  File "/workspace/frappe-bench/apps/frappe/frappe/model/document.py", line 1661, in composer
    return composed(self, method, *args, **kwargs)
  File "/workspace/frappe-bench/apps/frappe/frappe/model/document.py", line 1635, in runner
    add_to_return_value(self, fn(self, *args, **kwargs))
  File "/workspace/frappe-bench/apps/frappe/frappe/model/document.py", line 1257, in fn
    return method_object(*args, **kwargs)
  File "/workspace/frappe-bench/apps/erpnext/erpnext/accounts/doctype/payment_ledger_entry/payment_ledger_entry.py", line 174, in on_update
    update_voucher_outstanding(
  File "/workspace/frappe-bench/apps/erpnext/erpnext/accounts/utils.py", line 2167, in update_voucher_outstanding
    voucher_outstanding = ple_query.get_voucher_outstandings(vouchers, common_filter=common_filter)
  File "/workspace/frappe-bench/apps/erpnext/erpnext/accounts/utils.py", line 2487, in get_voucher_outstandings
    self.query_for_outstanding()
  File "/workspace/frappe-bench/apps/erpnext/erpnext/accounts/utils.py", line 2450, in query_for_outstanding
    self.voucher_outstandings = self.cte_query_voucher_amount_and_outstanding.run(as_dict=True)
  File "/workspace/frappe-bench/apps/frappe/frappe/query_builder/utils.py", line 139, in execute_query
    result = frappe.local.db.sql(query, params, *args, **kwargs)  # nosemgrep
  File "/workspace/frappe-bench/apps/frappe/frappe/database/postgres/database.py", line 234, in sql
    return super().sql(modify_query(query), modify_values(values), *args, **kwargs)
  File "/workspace/frappe-bench/apps/frappe/frappe/database/database.py", line 294, in sql
    traceback.print_stack()
Error in query:
column "tabPayment Ledger Entry.account" must appear in the GROUP BY clause or be used in an aggregate function
LINE 1: WITH vouchers AS (SELECT "account","voucher_type","voucher_n...
                                 ^

Traceback (most recent call last):
  File "/workspace/frappe-bench/generate_run.py", line 308, in <module>
    sinv.submit()
    ~~~~~~~~~~~^^
  File "/workspace/frappe-bench/apps/frappe/frappe/utils/typing_validations.py", line 36, in wrapper
    return func(*args, **kwargs)
  File "/workspace/frappe-bench/apps/frappe/frappe/model/document.py", line 1349, in submit
    return self._submit()
           ~~~~~~~~~~~~^^
  File "/workspace/frappe-bench/apps/frappe/frappe/model/document.py", line 1330, in _submit
    return self.save()
           ~~~~~~~~~^^
  File "/workspace/frappe-bench/apps/frappe/frappe/model/document.py", line 557, in save
    return self._save(*args, **kwargs)
           ~~~~~~~~~~^^^^^^^^^^^^^^^^^
  File "/workspace/frappe-bench/apps/frappe/frappe/model/document.py", line 612, in _save
    self.run_post_save_methods()
    ~~~~~~~~~~~~~~~~~~~~~~~~~~^^
  File "/workspace/frappe-bench/apps/frappe/frappe/model/document.py", line 1457, in run_post_save_methods
    self.run_method("on_submit")
    ~~~~~~~~~~~~~~~^^^^^^^^^^^^^
  File "/workspace/frappe-bench/apps/frappe/frappe/model/document.py", line 1260, in run_method
    out = Document.hook(fn)(self, *args, **kwargs)
  File "/workspace/frappe-bench/apps/frappe/frappe/model/document.py", line 1661, in composer
    return composed(self, method, *args, **kwargs)
  File "/workspace/frappe-bench/apps/frappe/frappe/model/document.py", line 1635, in runner
    add_to_return_value(self, fn(self, *args, **kwargs))
                              ~~^^^^^^^^^^^^^^^^^^^^^^^
  File "/workspace/frappe-bench/apps/frappe/frappe/model/document.py", line 1257, in fn
    return method_object(*args, **kwargs)
  File "/workspace/frappe-bench/apps/erpnext/erpnext/accounts/doctype/sales_invoice/sales_invoice.py", line 510, in on_submit
    self.make_gl_entries()
    ~~~~~~~~~~~~~~~~~~~~^^
  File "/workspace/frappe-bench/apps/erpnext/erpnext/accounts/doctype/sales_invoice/sales_invoice.py", line 1607, in make_gl_entries
    make_gl_entries(
    ~~~~~~~~~~~~~~~^
    	gl_entries,
     ^^^^^^^^^^^
    ...<2 lines>...
    	from_repost=from_repost,
     ^^^^^^^^^^^^^^^^^^^^^^^^
    )
    ^
  File "/workspace/frappe-bench/apps/erpnext/erpnext/accounts/general_ledger.py", line 53, in make_gl_entries
    create_payment_ledger_entry(
    ~~~~~~~~~~~~~~~~~~~~~~~~~~~^
    	gl_map,
     ^^^^^^^
    ...<3 lines>...
    	from_repost=from_repost,
     ^^^^^^^^^^^^^^^^^^^^^^^^
    )
    ^
  File "/workspace/frappe-bench/apps/erpnext/erpnext/accounts/utils.py", line 2138, in create_payment_ledger_entry
    ple.submit()
    ~~~~~~~~~~^^
  File "/workspace/frappe-bench/apps/frappe/frappe/utils/typing_validations.py", line 36, in wrapper
    return func(*args, **kwargs)
  File "/workspace/frappe-bench/apps/frappe/frappe/model/document.py", line 1349, in submit
    return self._submit()
           ~~~~~~~~~~~~^^
  File "/workspace/frappe-bench/apps/frappe/frappe/model/document.py", line 1330, in _submit
    return self.save()
           ~~~~~~~~~^^
  File "/workspace/frappe-bench/apps/frappe/frappe/model/document.py", line 557, in save
    return self._save(*args, **kwargs)
           ~~~~~~~~~~^^^^^^^^^^^^^^^^^
  File "/workspace/frappe-bench/apps/frappe/frappe/model/document.py", line 579, in _save
    return self.insert()
           ~~~~~~~~~~~^^
  File "/workspace/frappe-bench/apps/frappe/frappe/model/document.py", line 513, in insert
    self.run_post_save_methods()
    ~~~~~~~~~~~~~~~~~~~~~~~~~~^^
  File "/workspace/frappe-bench/apps/frappe/frappe/model/document.py", line 1456, in run_post_save_methods
    self.run_method("on_update")
    ~~~~~~~~~~~~~~~^^^^^^^^^^^^^
  File "/workspace/frappe-bench/apps/frappe/frappe/model/document.py", line 1260, in run_method
    out = Document.hook(fn)(self, *args, **kwargs)
  File "/workspace/frappe-bench/apps/frappe/frappe/model/document.py", line 1661, in composer
    return composed(self, method, *args, **kwargs)
  File "/workspace/frappe-bench/apps/frappe/frappe/model/document.py", line 1635, in runner
    add_to_return_value(self, fn(self, *args, **kwargs))
                              ~~^^^^^^^^^^^^^^^^^^^^^^^
  File "/workspace/frappe-bench/apps/frappe/frappe/model/document.py", line 1257, in fn
    return method_object(*args, **kwargs)
  File "/workspace/frappe-bench/apps/erpnext/erpnext/accounts/doctype/payment_ledger_entry/payment_ledger_entry.py", line 174, in on_update
    update_voucher_outstanding(
    ~~~~~~~~~~~~~~~~~~~~~~~~~~^
    	self.against_voucher_type, self.against_voucher_no, self.account, self.party_type, self.party
     ^^^^^^^^^^^^^^^^^^^^^^^^^^^^^^^^^^^^^^^^^^^^^^^^^^^^^^^^^^^^^^^^^^^^^^^^^^^^^^^^^^^^^^^^^^^^^
    )
    ^
  File "/workspace/frappe-bench/apps/erpnext/erpnext/accounts/utils.py", line 2167, in update_voucher_outstanding
    voucher_outstanding = ple_query.get_voucher_outstandings(vouchers, common_filter=common_filter)
  File "/workspace/frappe-bench/apps/erpnext/erpnext/accounts/utils.py", line 2487, in get_voucher_outstandings
    self.query_for_outstanding()
    ~~~~~~~~~~~~~~~~~~~~~~~~~~^^
  File "/workspace/frappe-bench/apps/erpnext/erpnext/accounts/utils.py", line 2450, in query_for_outstanding
    self.voucher_outstandings = self.cte_query_voucher_amount_and_outstanding.run(as_dict=True)
                                ~~~~~~~~~~~~~~~~~~~~~~~~~~~~~~~~~~~~~~~~~~~~~~~~~^^^^^^^^^^^^^^
  File "/workspace/frappe-bench/apps/frappe/frappe/query_builder/utils.py", line 139, in execute_query
    result = frappe.local.db.sql(query, params, *args, **kwargs)  # nosemgrep
  File "/workspace/frappe-bench/apps/frappe/frappe/database/postgres/database.py", line 234, in sql
    return super().sql(modify_query(query), modify_values(values), *args, **kwargs)
           ~~~~~~~~~~~^^^^^^^^^^^^^^^^^^^^^^^^^^^^^^^^^^^^^^^^^^^^^^^^^^^^^^^^^^^^^
  File "/workspace/frappe-bench/apps/frappe/frappe/database/database.py", line 272, in sql
    self.execute_query(query, values)
    ~~~~~~~~~~~~~~~~~~^^^^^^^^^^^^^^^
  File "/workspace/frappe-bench/apps/frappe/frappe/database/database.py", line 372, in execute_query
    return self._cursor.execute(query, values)
           ~~~~~~~~~~~~~~~~~~~~^^^^^^^^^^^^^^^
psycopg2.errors.GroupingError: column "tabPayment Ledger Entry.account" must appear in the GROUP BY clause or be used in an aggregate function
LINE 1: WITH vouchers AS (SELECT "account","voucher_type","voucher_n...
                                 ^

Traceback (most recent call last):
  File "/workspace/frappe-bench/generate_run.py", line 408, in <module>
    pr.submit()
    ~~~~~~~~~^^
  File "/workspace/frappe-bench/apps/frappe/frappe/utils/typing_validations.py", line 36, in wrapper
    return func(*args, **kwargs)
  File "/workspace/frappe-bench/apps/frappe/frappe/model/document.py", line 1349, in submit
    return self._submit()
           ~~~~~~~~~~~~^^
  File "/workspace/frappe-bench/apps/frappe/frappe/model/document.py", line 1330, in _submit
    return self.save()
           ~~~~~~~~~^^
  File "/workspace/frappe-bench/apps/frappe/frappe/model/document.py", line 557, in save
    return self._save(*args, **kwargs)
           ~~~~~~~~~~^^^^^^^^^^^^^^^^^
  File "/workspace/frappe-bench/apps/frappe/frappe/model/document.py", line 612, in _save
    self.run_post_save_methods()
    ~~~~~~~~~~~~~~~~~~~~~~~~~~^^
  File "/workspace/frappe-bench/apps/frappe/frappe/model/document.py", line 1457, in run_post_save_methods
    self.run_method("on_submit")
    ~~~~~~~~~~~~~~~^^^^^^^^^^^^^
  File "/workspace/frappe-bench/apps/frappe/frappe/model/document.py", line 1260, in run_method
    out = Document.hook(fn)(self, *args, **kwargs)
  File "/workspace/frappe-bench/apps/frappe/frappe/model/document.py", line 1661, in composer
    return composed(self, method, *args, **kwargs)
  File "/workspace/frappe-bench/apps/frappe/frappe/model/document.py", line 1635, in runner
    add_to_return_value(self, fn(self, *args, **kwargs))
                              ~~^^^^^^^^^^^^^^^^^^^^^^^
  File "/workspace/frappe-bench/apps/frappe/frappe/model/document.py", line 1257, in fn
    return method_object(*args, **kwargs)
  File "/workspace/frappe-bench/apps/erpnext/erpnext/stock/doctype/purchase_receipt/purchase_receipt.py", line 395, in on_submit
    self.update_stock_ledger()
    ~~~~~~~~~~~~~~~~~~~~~~~~^^
  File "/workspace/frappe-bench/apps/erpnext/erpnext/controllers/buying_controller.py", line 944, in update_stock_ledger
    self.make_sl_entries(
    ~~~~~~~~~~~~~~~~~~~~^
    	sl_entries,
     ^^^^^^^^^^^
    	allow_negative_stock=allow_negative_stock,
     ^^^^^^^^^^^^^^^^^^^^^^^^^^^^^^^^^^^^^^^^^^
    	via_landed_cost_voucher=via_landed_cost_voucher,
     ^^^^^^^^^^^^^^^^^^^^^^^^^^^^^^^^^^^^^^^^^^^^^^^^
    )
    ^
  File "/workspace/frappe-bench/apps/erpnext/erpnext/controllers/stock_controller.py", line 1432, in make_sl_entries
    make_sl_entries(sl_entries, allow_negative_stock, via_landed_cost_voucher)
    ~~~~~~~~~~~~~~~^^^^^^^^^^^^^^^^^^^^^^^^^^^^^^^^^^^^^^^^^^^^^^^^^^^^^^^^^^^
  File "/workspace/frappe-bench/apps/erpnext/erpnext/stock/stock_ledger.py", line 98, in make_sl_entries
    validate_stock_frozen_by_closing_entry(sl_entries)
    ~~~~~~~~~~~~~~~~~~~~~~~~~~~~~~~~~~~~~~^^^^^^^^^^^^
  File "/workspace/frappe-bench/apps/erpnext/erpnext/stock/stock_ledger.py", line 67, in validate_stock_frozen_by_closing_entry
    closing_entry = get_closing_entry_for_closed_period(company)
  File "/workspace/frappe-bench/apps/erpnext/erpnext/stock/doctype/stock_closing_entry/stock_closing_entry.py", line 30, in get_closing_entry_for_closed_period
    	closed_upto = frappe.db.sql(
                   ~~~~~~~~~~~~~^
     	'SELECT MAX(period_end_date) FROM "tabPeriod Closing Voucher" WHERE docstatus=1 AND company=%s',
      ^^^^^^^^^^^^^^^^^^^^^^^^^^^^^^^^^^^^^^^^^^^^^^^^^^^^^^^^^^^^^^^^^^^^^^^^^^^^^^^^^^^^^^^^^^^^^^^^
     	company,
      ^^^^^^^^
     	as_scalar=True,
      ^^^^^^^^^^^^^^^
     )
     ^
  File "/workspace/frappe-bench/apps/frappe/frappe/database/postgres/database.py", line 234, in sql
    return super().sql(modify_query(query), modify_values(values), *args, **kwargs)
           ~~~~~~~~~~~^^^^^^^^^^^^^^^^^^^^^^^^^^^^^^^^^^^^^^^^^^^^^^^^^^^^^^^^^^^^^
TypeError: Database.sql() got an unexpected keyword argument 'as_scalar'
Traceback (most recent call last):
  File "/workspace/frappe-bench/generate_run.py", line 504, in <module>
    se.submit()
    ~~~~~~~~~^^
  File "/workspace/frappe-bench/apps/frappe/frappe/utils/typing_validations.py", line 36, in wrapper
    return func(*args, **kwargs)
  File "/workspace/frappe-bench/apps/frappe/frappe/model/document.py", line 1349, in submit
    return self._submit()
           ~~~~~~~~~~~~^^
  File "/workspace/frappe-bench/apps/frappe/frappe/model/document.py", line 1330, in _submit
    return self.save()
           ~~~~~~~~~^^
  File "/workspace/frappe-bench/apps/frappe/frappe/model/document.py", line 557, in save
    return self._save(*args, **kwargs)
           ~~~~~~~~~~^^^^^^^^^^^^^^^^^
  File "/workspace/frappe-bench/apps/frappe/frappe/model/document.py", line 612, in _save
    self.run_post_save_methods()
    ~~~~~~~~~~~~~~~~~~~~~~~~~~^^
  File "/workspace/frappe-bench/apps/frappe/frappe/model/document.py", line 1457, in run_post_save_methods
    self.run_method("on_submit")
    ~~~~~~~~~~~~~~~^^^^^^^^^^^^^
  File "/workspace/frappe-bench/apps/frappe/frappe/model/document.py", line 1260, in run_method
    out = Document.hook(fn)(self, *args, **kwargs)
  File "/workspace/frappe-bench/apps/frappe/frappe/model/document.py", line 1661, in composer
    return composed(self, method, *args, **kwargs)
  File "/workspace/frappe-bench/apps/frappe/frappe/model/document.py", line 1635, in runner
    add_to_return_value(self, fn(self, *args, **kwargs))
                              ~~^^^^^^^^^^^^^^^^^^^^^^^
  File "/workspace/frappe-bench/apps/frappe/frappe/model/document.py", line 1257, in fn
    return method_object(*args, **kwargs)
  File "/workspace/frappe-bench/apps/erpnext/erpnext/stock/doctype/stock_entry/stock_entry.py", line 572, in on_submit
    self.update_stock_ledger()
    ~~~~~~~~~~~~~~~~~~~~~~~~^^
  File "/workspace/frappe-bench/apps/erpnext/erpnext/stock/doctype/stock_entry/stock_entry.py", line 2227, in update_stock_ledger
    self.make_sl_entries(
    ~~~~~~~~~~~~~~~~~~~~^
    	sl_entries,
     ^^^^^^^^^^^
    	allow_negative_stock=allow_negative_stock,
     ^^^^^^^^^^^^^^^^^^^^^^^^^^^^^^^^^^^^^^^^^^
    	via_landed_cost_voucher=via_landed_cost_voucher,
     ^^^^^^^^^^^^^^^^^^^^^^^^^^^^^^^^^^^^^^^^^^^^^^^^
    )
    ^
  File "/workspace/frappe-bench/apps/erpnext/erpnext/controllers/stock_controller.py", line 1432, in make_sl_entries
    make_sl_entries(sl_entries, allow_negative_stock, via_landed_cost_voucher)
    ~~~~~~~~~~~~~~~^^^^^^^^^^^^^^^^^^^^^^^^^^^^^^^^^^^^^^^^^^^^^^^^^^^^^^^^^^^
  File "/workspace/frappe-bench/apps/erpnext/erpnext/stock/stock_ledger.py", line 98, in make_sl_entries
    validate_stock_frozen_by_closing_entry(sl_entries)
    ~~~~~~~~~~~~~~~~~~~~~~~~~~~~~~~~~~~~~~^^^^^^^^^^^^
  File "/workspace/frappe-bench/apps/erpnext/erpnext/stock/stock_ledger.py", line 67, in validate_stock_frozen_by_closing_entry
    closing_entry = get_closing_entry_for_closed_period(company)
  File "/workspace/frappe-bench/apps/erpnext/erpnext/stock/doctype/stock_closing_entry/stock_closing_entry.py", line 30, in get_closing_entry_for_closed_period
    	closed_upto = frappe.db.sql(
                   ~~~~~~~~~~~~~^
     	'SELECT MAX(period_end_date) FROM "tabPeriod Closing Voucher" WHERE docstatus=1 AND company=%s',
      ^^^^^^^^^^^^^^^^^^^^^^^^^^^^^^^^^^^^^^^^^^^^^^^^^^^^^^^^^^^^^^^^^^^^^^^^^^^^^^^^^^^^^^^^^^^^^^^^
     	company,
      ^^^^^^^^
     	as_scalar=True,
      ^^^^^^^^^^^^^^^
     )
     ^
  File "/workspace/frappe-bench/apps/frappe/frappe/database/postgres/database.py", line 234, in sql
    return super().sql(modify_query(query), modify_values(values), *args, **kwargs)
           ~~~~~~~~~~~^^^^^^^^^^^^^^^^^^^^^^^^^^^^^^^^^^^^^^^^^^^^^^^^^^^^^^^^^^^^^
TypeError: Database.sql() got an unexpected keyword argument 'as_scalar'
  File "/workspace/frappe-bench/generate_run.py", line 308, in <module>
    sinv.submit()
  File "/workspace/frappe-bench/apps/frappe/frappe/utils/typing_validations.py", line 36, in wrapper
    return func(*args, **kwargs)
  File "/workspace/frappe-bench/apps/frappe/frappe/model/document.py", line 1349, in submit
    return self._submit()
  File "/workspace/frappe-bench/apps/frappe/frappe/model/document.py", line 1330, in _submit
    return self.save()
  File "/workspace/frappe-bench/apps/frappe/frappe/model/document.py", line 557, in save
    return self._save(*args, **kwargs)
  File "/workspace/frappe-bench/apps/frappe/frappe/model/document.py", line 612, in _save
    self.run_post_save_methods()
  File "/workspace/frappe-bench/apps/frappe/frappe/model/document.py", line 1457, in run_post_save_methods
    self.run_method("on_submit")
  File "/workspace/frappe-bench/apps/frappe/frappe/model/document.py", line 1260, in run_method
    out = Document.hook(fn)(self, *args, **kwargs)
  File "/workspace/frappe-bench/apps/frappe/frappe/model/document.py", line 1661, in composer
    return composed(self, method, *args, **kwargs)
  File "/workspace/frappe-bench/apps/frappe/frappe/model/document.py", line 1635, in runner
    add_to_return_value(self, fn(self, *args, **kwargs))
  File "/workspace/frappe-bench/apps/frappe/frappe/model/document.py", line 1257, in fn
    return method_object(*args, **kwargs)
  File "/workspace/frappe-bench/apps/erpnext/erpnext/accounts/doctype/sales_invoice/sales_invoice.py", line 510, in on_submit
    self.make_gl_entries()
  File "/workspace/frappe-bench/apps/erpnext/erpnext/accounts/doctype/sales_invoice/sales_invoice.py", line 1607, in make_gl_entries
    make_gl_entries(
  File "/workspace/frappe-bench/apps/erpnext/erpnext/accounts/general_ledger.py", line 53, in make_gl_entries
    create_payment_ledger_entry(
  File "/workspace/frappe-bench/apps/erpnext/erpnext/accounts/utils.py", line 2138, in create_payment_ledger_entry
    ple.submit()
  File "/workspace/frappe-bench/apps/frappe/frappe/utils/typing_validations.py", line 36, in wrapper
    return func(*args, **kwargs)
  File "/workspace/frappe-bench/apps/frappe/frappe/model/document.py", line 1349, in submit
    return self._submit()
  File "/workspace/frappe-bench/apps/frappe/frappe/model/document.py", line 1330, in _submit
    return self.save()
  File "/workspace/frappe-bench/apps/frappe/frappe/model/document.py", line 557, in save
    return self._save(*args, **kwargs)
  File "/workspace/frappe-bench/apps/frappe/frappe/model/document.py", line 579, in _save
    return self.insert()
  File "/workspace/frappe-bench/apps/frappe/frappe/model/document.py", line 513, in insert
    self.run_post_save_methods()
  File "/workspace/frappe-bench/apps/frappe/frappe/model/document.py", line 1456, in run_post_save_methods
    self.run_method("on_update")
  File "/workspace/frappe-bench/apps/frappe/frappe/model/document.py", line 1260, in run_method
    out = Document.hook(fn)(self, *args, **kwargs)
  File "/workspace/frappe-bench/apps/frappe/frappe/model/document.py", line 1661, in composer
    return composed(self, method, *args, **kwargs)
  File "/workspace/frappe-bench/apps/frappe/frappe/model/document.py", line 1635, in runner
    add_to_return_value(self, fn(self, *args, **kwargs))
  File "/workspace/frappe-bench/apps/frappe/frappe/model/document.py", line 1257, in fn
    return method_object(*args, **kwargs)
  File "/workspace/frappe-bench/apps/erpnext/erpnext/accounts/doctype/payment_ledger_entry/payment_ledger_entry.py", line 174, in on_update
    update_voucher_outstanding(
  File "/workspace/frappe-bench/apps/erpnext/erpnext/accounts/utils.py", line 2167, in update_voucher_outstanding
    voucher_outstanding = ple_query.get_voucher_outstandings(vouchers, common_filter=common_filter)
  File "/workspace/frappe-bench/apps/erpnext/erpnext/accounts/utils.py", line 2487, in get_voucher_outstandings
    self.query_for_outstanding()
  File "/workspace/frappe-bench/apps/erpnext/erpnext/accounts/utils.py", line 2450, in query_for_outstanding
    self.voucher_outstandings = self.cte_query_voucher_amount_and_outstanding.run(as_dict=True)
  File "/workspace/frappe-bench/apps/frappe/frappe/query_builder/utils.py", line 139, in execute_query
    result = frappe.local.db.sql(query, params, *args, **kwargs)  # nosemgrep
  File "/workspace/frappe-bench/apps/frappe/frappe/database/postgres/database.py", line 234, in sql
    return super().sql(modify_query(query), modify_values(values), *args, **kwargs)
  File "/workspace/frappe-bench/apps/frappe/frappe/database/database.py", line 294, in sql
    traceback.print_stack()
Error in query:
column "tabPayment Ledger Entry.account" must appear in the GROUP BY clause or be used in an aggregate function
LINE 1: WITH vouchers AS (SELECT "account","voucher_type","voucher_n...
                                 ^

Traceback (most recent call last):
  File "/workspace/frappe-bench/generate_run.py", line 308, in <module>
    sinv.submit()
    ~~~~~~~~~~~^^
  File "/workspace/frappe-bench/apps/frappe/frappe/utils/typing_validations.py", line 36, in wrapper
    return func(*args, **kwargs)
  File "/workspace/frappe-bench/apps/frappe/frappe/model/document.py", line 1349, in submit
    return self._submit()
           ~~~~~~~~~~~~^^
  File "/workspace/frappe-bench/apps/frappe/frappe/model/document.py", line 1330, in _submit
    return self.save()
           ~~~~~~~~~^^
  File "/workspace/frappe-bench/apps/frappe/frappe/model/document.py", line 557, in save
    return self._save(*args, **kwargs)
           ~~~~~~~~~~^^^^^^^^^^^^^^^^^
  File "/workspace/frappe-bench/apps/frappe/frappe/model/document.py", line 612, in _save
    self.run_post_save_methods()
    ~~~~~~~~~~~~~~~~~~~~~~~~~~^^
  File "/workspace/frappe-bench/apps/frappe/frappe/model/document.py", line 1457, in run_post_save_methods
    self.run_method("on_submit")
    ~~~~~~~~~~~~~~~^^^^^^^^^^^^^
  File "/workspace/frappe-bench/apps/frappe/frappe/model/document.py", line 1260, in run_method
    out = Document.hook(fn)(self, *args, **kwargs)
  File "/workspace/frappe-bench/apps/frappe/frappe/model/document.py", line 1661, in composer
    return composed(self, method, *args, **kwargs)
  File "/workspace/frappe-bench/apps/frappe/frappe/model/document.py", line 1635, in runner
    add_to_return_value(self, fn(self, *args, **kwargs))
                              ~~^^^^^^^^^^^^^^^^^^^^^^^
  File "/workspace/frappe-bench/apps/frappe/frappe/model/document.py", line 1257, in fn
    return method_object(*args, **kwargs)
  File "/workspace/frappe-bench/apps/erpnext/erpnext/accounts/doctype/sales_invoice/sales_invoice.py", line 510, in on_submit
    self.make_gl_entries()
    ~~~~~~~~~~~~~~~~~~~~^^
  File "/workspace/frappe-bench/apps/erpnext/erpnext/accounts/doctype/sales_invoice/sales_invoice.py", line 1607, in make_gl_entries
    make_gl_entries(
    ~~~~~~~~~~~~~~~^
    	gl_entries,
     ^^^^^^^^^^^
    ...<2 lines>...
    	from_repost=from_repost,
     ^^^^^^^^^^^^^^^^^^^^^^^^
    )
    ^
  File "/workspace/frappe-bench/apps/erpnext/erpnext/accounts/general_ledger.py", line 53, in make_gl_entries
    create_payment_ledger_entry(
    ~~~~~~~~~~~~~~~~~~~~~~~~~~~^
    	gl_map,
     ^^^^^^^
    ...<3 lines>...
    	from_repost=from_repost,
     ^^^^^^^^^^^^^^^^^^^^^^^^
    )
    ^
  File "/workspace/frappe-bench/apps/erpnext/erpnext/accounts/utils.py", line 2138, in create_payment_ledger_entry
    ple.submit()
    ~~~~~~~~~~^^
  File "/workspace/frappe-bench/apps/frappe/frappe/utils/typing_validations.py", line 36, in wrapper
    return func(*args, **kwargs)
  File "/workspace/frappe-bench/apps/frappe/frappe/model/document.py", line 1349, in submit
    return self._submit()
           ~~~~~~~~~~~~^^
  File "/workspace/frappe-bench/apps/frappe/frappe/model/document.py", line 1330, in _submit
    return self.save()
           ~~~~~~~~~^^
  File "/workspace/frappe-bench/apps/frappe/frappe/model/document.py", line 557, in save
    return self._save(*args, **kwargs)
           ~~~~~~~~~~^^^^^^^^^^^^^^^^^
  File "/workspace/frappe-bench/apps/frappe/frappe/model/document.py", line 579, in _save
    return self.insert()
           ~~~~~~~~~~~^^
  File "/workspace/frappe-bench/apps/frappe/frappe/model/document.py", line 513, in insert
    self.run_post_save_methods()
    ~~~~~~~~~~~~~~~~~~~~~~~~~~^^
  File "/workspace/frappe-bench/apps/frappe/frappe/model/document.py", line 1456, in run_post_save_methods
    self.run_method("on_update")
    ~~~~~~~~~~~~~~~^^^^^^^^^^^^^
  File "/workspace/frappe-bench/apps/frappe/frappe/model/document.py", line 1260, in run_method
    out = Document.hook(fn)(self, *args, **kwargs)
  File "/workspace/frappe-bench/apps/frappe/frappe/model/document.py", line 1661, in composer
    return composed(self, method, *args, **kwargs)
  File "/workspace/frappe-bench/apps/frappe/frappe/model/document.py", line 1635, in runner
    add_to_return_value(self, fn(self, *args, **kwargs))
                              ~~^^^^^^^^^^^^^^^^^^^^^^^
  File "/workspace/frappe-bench/apps/frappe/frappe/model/document.py", line 1257, in fn
    return method_object(*args, **kwargs)
  File "/workspace/frappe-bench/apps/erpnext/erpnext/accounts/doctype/payment_ledger_entry/payment_ledger_entry.py", line 174, in on_update
    update_voucher_outstanding(
    ~~~~~~~~~~~~~~~~~~~~~~~~~~^
    	self.against_voucher_type, self.against_voucher_no, self.account, self.party_type, self.party
     ^^^^^^^^^^^^^^^^^^^^^^^^^^^^^^^^^^^^^^^^^^^^^^^^^^^^^^^^^^^^^^^^^^^^^^^^^^^^^^^^^^^^^^^^^^^^^
    )
    ^
  File "/workspace/frappe-bench/apps/erpnext/erpnext/accounts/utils.py", line 2167, in update_voucher_outstanding
    voucher_outstanding = ple_query.get_voucher_outstandings(vouchers, common_filter=common_filter)
  File "/workspace/frappe-bench/apps/erpnext/erpnext/accounts/utils.py", line 2487, in get_voucher_outstandings
    self.query_for_outstanding()
    ~~~~~~~~~~~~~~~~~~~~~~~~~~^^
  File "/workspace/frappe-bench/apps/erpnext/erpnext/accounts/utils.py", line 2450, in query_for_outstanding
    self.voucher_outstandings = self.cte_query_voucher_amount_and_outstanding.run(as_dict=True)
                                ~~~~~~~~~~~~~~~~~~~~~~~~~~~~~~~~~~~~~~~~~~~~~~~~~^^^^^^^^^^^^^^
  File "/workspace/frappe-bench/apps/frappe/frappe/query_builder/utils.py", line 139, in execute_query
    result = frappe.local.db.sql(query, params, *args, **kwargs)  # nosemgrep
  File "/workspace/frappe-bench/apps/frappe/frappe/database/postgres/database.py", line 234, in sql
    return super().sql(modify_query(query), modify_values(values), *args, **kwargs)
           ~~~~~~~~~~~^^^^^^^^^^^^^^^^^^^^^^^^^^^^^^^^^^^^^^^^^^^^^^^^^^^^^^^^^^^^^
  File "/workspace/frappe-bench/apps/frappe/frappe/database/database.py", line 272, in sql
    self.execute_query(query, values)
    ~~~~~~~~~~~~~~~~~~^^^^^^^^^^^^^^^
  File "/workspace/frappe-bench/apps/frappe/frappe/database/database.py", line 372, in execute_query
    return self._cursor.execute(query, values)
           ~~~~~~~~~~~~~~~~~~~~^^^^^^^^^^^^^^^
psycopg2.errors.GroupingError: column "tabPayment Ledger Entry.account" must appear in the GROUP BY clause or be used in an aggregate function
LINE 1: WITH vouchers AS (SELECT "account","voucher_type","voucher_n...
                                 ^

Traceback (most recent call last):
  File "/workspace/frappe-bench/generate_run.py", line 408, in <module>
    pr.submit()
    ~~~~~~~~~^^
  File "/workspace/frappe-bench/apps/frappe/frappe/utils/typing_validations.py", line 36, in wrapper
    return func(*args, **kwargs)
  File "/workspace/frappe-bench/apps/frappe/frappe/model/document.py", line 1349, in submit
    return self._submit()
           ~~~~~~~~~~~~^^
  File "/workspace/frappe-bench/apps/frappe/frappe/model/document.py", line 1330, in _submit
    return self.save()
           ~~~~~~~~~^^
  File "/workspace/frappe-bench/apps/frappe/frappe/model/document.py", line 557, in save
    return self._save(*args, **kwargs)
           ~~~~~~~~~~^^^^^^^^^^^^^^^^^
  File "/workspace/frappe-bench/apps/frappe/frappe/model/document.py", line 612, in _save
    self.run_post_save_methods()
    ~~~~~~~~~~~~~~~~~~~~~~~~~~^^
  File "/workspace/frappe-bench/apps/frappe/frappe/model/document.py", line 1457, in run_post_save_methods
    self.run_method("on_submit")
    ~~~~~~~~~~~~~~~^^^^^^^^^^^^^
  File "/workspace/frappe-bench/apps/frappe/frappe/model/document.py", line 1260, in run_method
    out = Document.hook(fn)(self, *args, **kwargs)
  File "/workspace/frappe-bench/apps/frappe/frappe/model/document.py", line 1661, in composer
    return composed(self, method, *args, **kwargs)
  File "/workspace/frappe-bench/apps/frappe/frappe/model/document.py", line 1635, in runner
    add_to_return_value(self, fn(self, *args, **kwargs))
                              ~~^^^^^^^^^^^^^^^^^^^^^^^
  File "/workspace/frappe-bench/apps/frappe/frappe/model/document.py", line 1257, in fn
    return method_object(*args, **kwargs)
  File "/workspace/frappe-bench/apps/erpnext/erpnext/stock/doctype/purchase_receipt/purchase_receipt.py", line 395, in on_submit
    self.update_stock_ledger()
    ~~~~~~~~~~~~~~~~~~~~~~~~^^
  File "/workspace/frappe-bench/apps/erpnext/erpnext/controllers/buying_controller.py", line 944, in update_stock_ledger
    self.make_sl_entries(
    ~~~~~~~~~~~~~~~~~~~~^
    	sl_entries,
     ^^^^^^^^^^^
    	allow_negative_stock=allow_negative_stock,
     ^^^^^^^^^^^^^^^^^^^^^^^^^^^^^^^^^^^^^^^^^^
    	via_landed_cost_voucher=via_landed_cost_voucher,
     ^^^^^^^^^^^^^^^^^^^^^^^^^^^^^^^^^^^^^^^^^^^^^^^^
    )
    ^
  File "/workspace/frappe-bench/apps/erpnext/erpnext/controllers/stock_controller.py", line 1432, in make_sl_entries
    make_sl_entries(sl_entries, allow_negative_stock, via_landed_cost_voucher)
    ~~~~~~~~~~~~~~~^^^^^^^^^^^^^^^^^^^^^^^^^^^^^^^^^^^^^^^^^^^^^^^^^^^^^^^^^^^
  File "/workspace/frappe-bench/apps/erpnext/erpnext/stock/stock_ledger.py", line 98, in make_sl_entries
    validate_stock_frozen_by_closing_entry(sl_entries)
    ~~~~~~~~~~~~~~~~~~~~~~~~~~~~~~~~~~~~~~^^^^^^^^^^^^
  File "/workspace/frappe-bench/apps/erpnext/erpnext/stock/stock_ledger.py", line 67, in validate_stock_frozen_by_closing_entry
    closing_entry = get_closing_entry_for_closed_period(company)
  File "/workspace/frappe-bench/apps/erpnext/erpnext/stock/doctype/stock_closing_entry/stock_closing_entry.py", line 30, in get_closing_entry_for_closed_period
    	closed_upto = frappe.db.sql(
                   ~~~~~~~~~~~~~^
     	'SELECT MAX(period_end_date) FROM "tabPeriod Closing Voucher" WHERE docstatus=1 AND company=%s',
      ^^^^^^^^^^^^^^^^^^^^^^^^^^^^^^^^^^^^^^^^^^^^^^^^^^^^^^^^^^^^^^^^^^^^^^^^^^^^^^^^^^^^^^^^^^^^^^^^
     	company,
      ^^^^^^^^
     	as_scalar=True,
      ^^^^^^^^^^^^^^^
     )
     ^
  File "/workspace/frappe-bench/apps/frappe/frappe/database/postgres/database.py", line 234, in sql
    return super().sql(modify_query(query), modify_values(values), *args, **kwargs)
           ~~~~~~~~~~~^^^^^^^^^^^^^^^^^^^^^^^^^^^^^^^^^^^^^^^^^^^^^^^^^^^^^^^^^^^^^
TypeError: Database.sql() got an unexpected keyword argument 'as_scalar'
Traceback (most recent call last):
  File "/workspace/frappe-bench/generate_run.py", line 504, in <module>
    se.submit()
    ~~~~~~~~~^^
  File "/workspace/frappe-bench/apps/frappe/frappe/utils/typing_validations.py", line 36, in wrapper
    return func(*args, **kwargs)
  File "/workspace/frappe-bench/apps/frappe/frappe/model/document.py", line 1349, in submit
    return self._submit()
           ~~~~~~~~~~~~^^
  File "/workspace/frappe-bench/apps/frappe/frappe/model/document.py", line 1330, in _submit
    return self.save()
           ~~~~~~~~~^^
  File "/workspace/frappe-bench/apps/frappe/frappe/model/document.py", line 557, in save
    return self._save(*args, **kwargs)
           ~~~~~~~~~~^^^^^^^^^^^^^^^^^
  File "/workspace/frappe-bench/apps/frappe/frappe/model/document.py", line 612, in _save
    self.run_post_save_methods()
    ~~~~~~~~~~~~~~~~~~~~~~~~~~^^
  File "/workspace/frappe-bench/apps/frappe/frappe/model/document.py", line 1457, in run_post_save_methods
    self.run_method("on_submit")
    ~~~~~~~~~~~~~~~^^^^^^^^^^^^^
  File "/workspace/frappe-bench/apps/frappe/frappe/model/document.py", line 1260, in run_method
    out = Document.hook(fn)(self, *args, **kwargs)
  File "/workspace/frappe-bench/apps/frappe/frappe/model/document.py", line 1661, in composer
    return composed(self, method, *args, **kwargs)
  File "/workspace/frappe-bench/apps/frappe/frappe/model/document.py", line 1635, in runner
    add_to_return_value(self, fn(self, *args, **kwargs))
                              ~~^^^^^^^^^^^^^^^^^^^^^^^
  File "/workspace/frappe-bench/apps/frappe/frappe/model/document.py", line 1257, in fn
    return method_object(*args, **kwargs)
  File "/workspace/frappe-bench/apps/erpnext/erpnext/stock/doctype/stock_entry/stock_entry.py", line 572, in on_submit
    self.update_stock_ledger()
    ~~~~~~~~~~~~~~~~~~~~~~~~^^
  File "/workspace/frappe-bench/apps/erpnext/erpnext/stock/doctype/stock_entry/stock_entry.py", line 2227, in update_stock_ledger
    self.make_sl_entries(
    ~~~~~~~~~~~~~~~~~~~~^
    	sl_entries,
     ^^^^^^^^^^^
    	allow_negative_stock=allow_negative_stock,
     ^^^^^^^^^^^^^^^^^^^^^^^^^^^^^^^^^^^^^^^^^^
    	via_landed_cost_voucher=via_landed_cost_voucher,
     ^^^^^^^^^^^^^^^^^^^^^^^^^^^^^^^^^^^^^^^^^^^^^^^^
    )
    ^
  File "/workspace/frappe-bench/apps/erpnext/erpnext/controllers/stock_controller.py", line 1432, in make_sl_entries
    make_sl_entries(sl_entries, allow_negative_stock, via_landed_cost_voucher)
    ~~~~~~~~~~~~~~~^^^^^^^^^^^^^^^^^^^^^^^^^^^^^^^^^^^^^^^^^^^^^^^^^^^^^^^^^^^
  File "/workspace/frappe-bench/apps/erpnext/erpnext/stock/stock_ledger.py", line 98, in make_sl_entries
    validate_stock_frozen_by_closing_entry(sl_entries)
    ~~~~~~~~~~~~~~~~~~~~~~~~~~~~~~~~~~~~~~^^^^^^^^^^^^
  File "/workspace/frappe-bench/apps/erpnext/erpnext/stock/stock_ledger.py", line 67, in validate_stock_frozen_by_closing_entry
    closing_entry = get_closing_entry_for_closed_period(company)
  File "/workspace/frappe-bench/apps/erpnext/erpnext/stock/doctype/stock_closing_entry/stock_closing_entry.py", line 30, in get_closing_entry_for_closed_period
    	closed_upto = frappe.db.sql(
                   ~~~~~~~~~~~~~^
     	'SELECT MAX(period_end_date) FROM "tabPeriod Closing Voucher" WHERE docstatus=1 AND company=%s',
      ^^^^^^^^^^^^^^^^^^^^^^^^^^^^^^^^^^^^^^^^^^^^^^^^^^^^^^^^^^^^^^^^^^^^^^^^^^^^^^^^^^^^^^^^^^^^^^^^
     	company,
      ^^^^^^^^
     	as_scalar=True,
      ^^^^^^^^^^^^^^^
     )
     ^
  File "/workspace/frappe-bench/apps/frappe/frappe/database/postgres/database.py", line 234, in sql
    return super().sql(modify_query(query), modify_values(values), *args, **kwargs)
           ~~~~~~~~~~~^^^^^^^^^^^^^^^^^^^^^^^^^^^^^^^^^^^^^^^^^^^^^^^^^^^^^^^^^^^^^
TypeError: Database.sql() got an unexpected keyword argument 'as_scalar'
  File "/workspace/frappe-bench/generate_run.py", line 308, in <module>
    sinv.submit()
  File "/workspace/frappe-bench/apps/frappe/frappe/utils/typing_validations.py", line 36, in wrapper
    return func(*args, **kwargs)
  File "/workspace/frappe-bench/apps/frappe/frappe/model/document.py", line 1349, in submit
    return self._submit()
  File "/workspace/frappe-bench/apps/frappe/frappe/model/document.py", line 1330, in _submit
    return self.save()
  File "/workspace/frappe-bench/apps/frappe/frappe/model/document.py", line 557, in save
    return self._save(*args, **kwargs)
  File "/workspace/frappe-bench/apps/frappe/frappe/model/document.py", line 612, in _save
    self.run_post_save_methods()
  File "/workspace/frappe-bench/apps/frappe/frappe/model/document.py", line 1457, in run_post_save_methods
    self.run_method("on_submit")
  File "/workspace/frappe-bench/apps/frappe/frappe/model/document.py", line 1260, in run_method
    out = Document.hook(fn)(self, *args, **kwargs)
  File "/workspace/frappe-bench/apps/frappe/frappe/model/document.py", line 1661, in composer
    return composed(self, method, *args, **kwargs)
  File "/workspace/frappe-bench/apps/frappe/frappe/model/document.py", line 1635, in runner
    add_to_return_value(self, fn(self, *args, **kwargs))
  File "/workspace/frappe-bench/apps/frappe/frappe/model/document.py", line 1257, in fn
    return method_object(*args, **kwargs)
  File "/workspace/frappe-bench/apps/erpnext/erpnext/accounts/doctype/sales_invoice/sales_invoice.py", line 510, in on_submit
    self.make_gl_entries()
  File "/workspace/frappe-bench/apps/erpnext/erpnext/accounts/doctype/sales_invoice/sales_invoice.py", line 1607, in make_gl_entries
    make_gl_entries(
  File "/workspace/frappe-bench/apps/erpnext/erpnext/accounts/general_ledger.py", line 53, in make_gl_entries
    create_payment_ledger_entry(
  File "/workspace/frappe-bench/apps/erpnext/erpnext/accounts/utils.py", line 2138, in create_payment_ledger_entry
    ple.submit()
  File "/workspace/frappe-bench/apps/frappe/frappe/utils/typing_validations.py", line 36, in wrapper
    return func(*args, **kwargs)
  File "/workspace/frappe-bench/apps/frappe/frappe/model/document.py", line 1349, in submit
    return self._submit()
  File "/workspace/frappe-bench/apps/frappe/frappe/model/document.py", line 1330, in _submit
    return self.save()
  File "/workspace/frappe-bench/apps/frappe/frappe/model/document.py", line 557, in save
    return self._save(*args, **kwargs)
  File "/workspace/frappe-bench/apps/frappe/frappe/model/document.py", line 579, in _save
    return self.insert()
  File "/workspace/frappe-bench/apps/frappe/frappe/model/document.py", line 513, in insert
    self.run_post_save_methods()
  File "/workspace/frappe-bench/apps/frappe/frappe/model/document.py", line 1456, in run_post_save_methods
    self.run_method("on_update")
  File "/workspace/frappe-bench/apps/frappe/frappe/model/document.py", line 1260, in run_method
    out = Document.hook(fn)(self, *args, **kwargs)
  File "/workspace/frappe-bench/apps/frappe/frappe/model/document.py", line 1661, in composer
    return composed(self, method, *args, **kwargs)
  File "/workspace/frappe-bench/apps/frappe/frappe/model/document.py", line 1635, in runner
    add_to_return_value(self, fn(self, *args, **kwargs))
  File "/workspace/frappe-bench/apps/frappe/frappe/model/document.py", line 1257, in fn
    return method_object(*args, **kwargs)
  File "/workspace/frappe-bench/apps/erpnext/erpnext/accounts/doctype/payment_ledger_entry/payment_ledger_entry.py", line 174, in on_update
    update_voucher_outstanding(
  File "/workspace/frappe-bench/apps/erpnext/erpnext/accounts/utils.py", line 2167, in update_voucher_outstanding
    voucher_outstanding = ple_query.get_voucher_outstandings(vouchers, common_filter=common_filter)
  File "/workspace/frappe-bench/apps/erpnext/erpnext/accounts/utils.py", line 2487, in get_voucher_outstandings
    self.query_for_outstanding()
  File "/workspace/frappe-bench/apps/erpnext/erpnext/accounts/utils.py", line 2450, in query_for_outstanding
    self.voucher_outstandings = self.cte_query_voucher_amount_and_outstanding.run(as_dict=True)
  File "/workspace/frappe-bench/apps/frappe/frappe/query_builder/utils.py", line 139, in execute_query
    result = frappe.local.db.sql(query, params, *args, **kwargs)  # nosemgrep
  File "/workspace/frappe-bench/apps/frappe/frappe/database/postgres/database.py", line 234, in sql
    return super().sql(modify_query(query), modify_values(values), *args, **kwargs)
  File "/workspace/frappe-bench/apps/frappe/frappe/database/database.py", line 294, in sql
    traceback.print_stack()
Error in query:
column "tabPayment Ledger Entry.account" must appear in the GROUP BY clause or be used in an aggregate function
LINE 1: WITH vouchers AS (SELECT "account","voucher_type","voucher_n...
                                 ^

Traceback (most recent call last):
  File "/workspace/frappe-bench/generate_run.py", line 308, in <module>
    sinv.submit()
    ~~~~~~~~~~~^^
  File "/workspace/frappe-bench/apps/frappe/frappe/utils/typing_validations.py", line 36, in wrapper
    return func(*args, **kwargs)
  File "/workspace/frappe-bench/apps/frappe/frappe/model/document.py", line 1349, in submit
    return self._submit()
           ~~~~~~~~~~~~^^
  File "/workspace/frappe-bench/apps/frappe/frappe/model/document.py", line 1330, in _submit
    return self.save()
           ~~~~~~~~~^^
  File "/workspace/frappe-bench/apps/frappe/frappe/model/document.py", line 557, in save
    return self._save(*args, **kwargs)
           ~~~~~~~~~~^^^^^^^^^^^^^^^^^
  File "/workspace/frappe-bench/apps/frappe/frappe/model/document.py", line 612, in _save
    self.run_post_save_methods()
    ~~~~~~~~~~~~~~~~~~~~~~~~~~^^
  File "/workspace/frappe-bench/apps/frappe/frappe/model/document.py", line 1457, in run_post_save_methods
    self.run_method("on_submit")
    ~~~~~~~~~~~~~~~^^^^^^^^^^^^^
  File "/workspace/frappe-bench/apps/frappe/frappe/model/document.py", line 1260, in run_method
    out = Document.hook(fn)(self, *args, **kwargs)
  File "/workspace/frappe-bench/apps/frappe/frappe/model/document.py", line 1661, in composer
    return composed(self, method, *args, **kwargs)
  File "/workspace/frappe-bench/apps/frappe/frappe/model/document.py", line 1635, in runner
    add_to_return_value(self, fn(self, *args, **kwargs))
                              ~~^^^^^^^^^^^^^^^^^^^^^^^
  File "/workspace/frappe-bench/apps/frappe/frappe/model/document.py", line 1257, in fn
    return method_object(*args, **kwargs)
  File "/workspace/frappe-bench/apps/erpnext/erpnext/accounts/doctype/sales_invoice/sales_invoice.py", line 510, in on_submit
    self.make_gl_entries()
    ~~~~~~~~~~~~~~~~~~~~^^
  File "/workspace/frappe-bench/apps/erpnext/erpnext/accounts/doctype/sales_invoice/sales_invoice.py", line 1607, in make_gl_entries
    make_gl_entries(
    ~~~~~~~~~~~~~~~^
    	gl_entries,
     ^^^^^^^^^^^
    ...<2 lines>...
    	from_repost=from_repost,
     ^^^^^^^^^^^^^^^^^^^^^^^^
    )
    ^
  File "/workspace/frappe-bench/apps/erpnext/erpnext/accounts/general_ledger.py", line 53, in make_gl_entries
    create_payment_ledger_entry(
    ~~~~~~~~~~~~~~~~~~~~~~~~~~~^
    	gl_map,
     ^^^^^^^
    ...<3 lines>...
    	from_repost=from_repost,
     ^^^^^^^^^^^^^^^^^^^^^^^^
    )
    ^
  File "/workspace/frappe-bench/apps/erpnext/erpnext/accounts/utils.py", line 2138, in create_payment_ledger_entry
    ple.submit()
    ~~~~~~~~~~^^
  File "/workspace/frappe-bench/apps/frappe/frappe/utils/typing_validations.py", line 36, in wrapper
    return func(*args, **kwargs)
  File "/workspace/frappe-bench/apps/frappe/frappe/model/document.py", line 1349, in submit
    return self._submit()
           ~~~~~~~~~~~~^^
  File "/workspace/frappe-bench/apps/frappe/frappe/model/document.py", line 1330, in _submit
    return self.save()
           ~~~~~~~~~^^
  File "/workspace/frappe-bench/apps/frappe/frappe/model/document.py", line 557, in save
    return self._save(*args, **kwargs)
           ~~~~~~~~~~^^^^^^^^^^^^^^^^^
  File "/workspace/frappe-bench/apps/frappe/frappe/model/document.py", line 579, in _save
    return self.insert()
           ~~~~~~~~~~~^^
  File "/workspace/frappe-bench/apps/frappe/frappe/model/document.py", line 513, in insert
    self.run_post_save_methods()
    ~~~~~~~~~~~~~~~~~~~~~~~~~~^^
  File "/workspace/frappe-bench/apps/frappe/frappe/model/document.py", line 1456, in run_post_save_methods
    self.run_method("on_update")
    ~~~~~~~~~~~~~~~^^^^^^^^^^^^^
  File "/workspace/frappe-bench/apps/frappe/frappe/model/document.py", line 1260, in run_method
    out = Document.hook(fn)(self, *args, **kwargs)
  File "/workspace/frappe-bench/apps/frappe/frappe/model/document.py", line 1661, in composer
    return composed(self, method, *args, **kwargs)
  File "/workspace/frappe-bench/apps/frappe/frappe/model/document.py", line 1635, in runner
    add_to_return_value(self, fn(self, *args, **kwargs))
                              ~~^^^^^^^^^^^^^^^^^^^^^^^
  File "/workspace/frappe-bench/apps/frappe/frappe/model/document.py", line 1257, in fn
    return method_object(*args, **kwargs)
  File "/workspace/frappe-bench/apps/erpnext/erpnext/accounts/doctype/payment_ledger_entry/payment_ledger_entry.py", line 174, in on_update
    update_voucher_outstanding(
    ~~~~~~~~~~~~~~~~~~~~~~~~~~^
    	self.against_voucher_type, self.against_voucher_no, self.account, self.party_type, self.party
     ^^^^^^^^^^^^^^^^^^^^^^^^^^^^^^^^^^^^^^^^^^^^^^^^^^^^^^^^^^^^^^^^^^^^^^^^^^^^^^^^^^^^^^^^^^^^^
    )
    ^
  File "/workspace/frappe-bench/apps/erpnext/erpnext/accounts/utils.py", line 2167, in update_voucher_outstanding
    voucher_outstanding = ple_query.get_voucher_outstandings(vouchers, common_filter=common_filter)
  File "/workspace/frappe-bench/apps/erpnext/erpnext/accounts/utils.py", line 2487, in get_voucher_outstandings
    self.query_for_outstanding()
    ~~~~~~~~~~~~~~~~~~~~~~~~~~^^
  File "/workspace/frappe-bench/apps/erpnext/erpnext/accounts/utils.py", line 2450, in query_for_outstanding
    self.voucher_outstandings = self.cte_query_voucher_amount_and_outstanding.run(as_dict=True)
                                ~~~~~~~~~~~~~~~~~~~~~~~~~~~~~~~~~~~~~~~~~~~~~~~~~^^^^^^^^^^^^^^
  File "/workspace/frappe-bench/apps/frappe/frappe/query_builder/utils.py", line 139, in execute_query
    result = frappe.local.db.sql(query, params, *args, **kwargs)  # nosemgrep
  File "/workspace/frappe-bench/apps/frappe/frappe/database/postgres/database.py", line 234, in sql
    return super().sql(modify_query(query), modify_values(values), *args, **kwargs)
           ~~~~~~~~~~~^^^^^^^^^^^^^^^^^^^^^^^^^^^^^^^^^^^^^^^^^^^^^^^^^^^^^^^^^^^^^
  File "/workspace/frappe-bench/apps/frappe/frappe/database/database.py", line 272, in sql
    self.execute_query(query, values)
    ~~~~~~~~~~~~~~~~~~^^^^^^^^^^^^^^^
  File "/workspace/frappe-bench/apps/frappe/frappe/database/database.py", line 372, in execute_query
    return self._cursor.execute(query, values)
           ~~~~~~~~~~~~~~~~~~~~^^^^^^^^^^^^^^^
psycopg2.errors.GroupingError: column "tabPayment Ledger Entry.account" must appear in the GROUP BY clause or be used in an aggregate function
LINE 1: WITH vouchers AS (SELECT "account","voucher_type","voucher_n...
                                 ^

Traceback (most recent call last):
  File "/workspace/frappe-bench/generate_run.py", line 408, in <module>
    pr.submit()
    ~~~~~~~~~^^
  File "/workspace/frappe-bench/apps/frappe/frappe/utils/typing_validations.py", line 36, in wrapper
    return func(*args, **kwargs)
  File "/workspace/frappe-bench/apps/frappe/frappe/model/document.py", line 1349, in submit
    return self._submit()
           ~~~~~~~~~~~~^^
  File "/workspace/frappe-bench/apps/frappe/frappe/model/document.py", line 1330, in _submit
    return self.save()
           ~~~~~~~~~^^
  File "/workspace/frappe-bench/apps/frappe/frappe/model/document.py", line 557, in save
    return self._save(*args, **kwargs)
           ~~~~~~~~~~^^^^^^^^^^^^^^^^^
  File "/workspace/frappe-bench/apps/frappe/frappe/model/document.py", line 612, in _save
    self.run_post_save_methods()
    ~~~~~~~~~~~~~~~~~~~~~~~~~~^^
  File "/workspace/frappe-bench/apps/frappe/frappe/model/document.py", line 1457, in run_post_save_methods
    self.run_method("on_submit")
    ~~~~~~~~~~~~~~~^^^^^^^^^^^^^
  File "/workspace/frappe-bench/apps/frappe/frappe/model/document.py", line 1260, in run_method
    out = Document.hook(fn)(self, *args, **kwargs)
  File "/workspace/frappe-bench/apps/frappe/frappe/model/document.py", line 1661, in composer
    return composed(self, method, *args, **kwargs)
  File "/workspace/frappe-bench/apps/frappe/frappe/model/document.py", line 1635, in runner
    add_to_return_value(self, fn(self, *args, **kwargs))
                              ~~^^^^^^^^^^^^^^^^^^^^^^^
  File "/workspace/frappe-bench/apps/frappe/frappe/model/document.py", line 1257, in fn
    return method_object(*args, **kwargs)
  File "/workspace/frappe-bench/apps/erpnext/erpnext/stock/doctype/purchase_receipt/purchase_receipt.py", line 395, in on_submit
    self.update_stock_ledger()
    ~~~~~~~~~~~~~~~~~~~~~~~~^^
  File "/workspace/frappe-bench/apps/erpnext/erpnext/controllers/buying_controller.py", line 944, in update_stock_ledger
    self.make_sl_entries(
    ~~~~~~~~~~~~~~~~~~~~^
    	sl_entries,
     ^^^^^^^^^^^
    	allow_negative_stock=allow_negative_stock,
     ^^^^^^^^^^^^^^^^^^^^^^^^^^^^^^^^^^^^^^^^^^
    	via_landed_cost_voucher=via_landed_cost_voucher,
     ^^^^^^^^^^^^^^^^^^^^^^^^^^^^^^^^^^^^^^^^^^^^^^^^
    )
    ^
  File "/workspace/frappe-bench/apps/erpnext/erpnext/controllers/stock_controller.py", line 1432, in make_sl_entries
    make_sl_entries(sl_entries, allow_negative_stock, via_landed_cost_voucher)
    ~~~~~~~~~~~~~~~^^^^^^^^^^^^^^^^^^^^^^^^^^^^^^^^^^^^^^^^^^^^^^^^^^^^^^^^^^^
  File "/workspace/frappe-bench/apps/erpnext/erpnext/stock/stock_ledger.py", line 98, in make_sl_entries
    validate_stock_frozen_by_closing_entry(sl_entries)
    ~~~~~~~~~~~~~~~~~~~~~~~~~~~~~~~~~~~~~~^^^^^^^^^^^^
  File "/workspace/frappe-bench/apps/erpnext/erpnext/stock/stock_ledger.py", line 67, in validate_stock_frozen_by_closing_entry
    closing_entry = get_closing_entry_for_closed_period(company)
  File "/workspace/frappe-bench/apps/erpnext/erpnext/stock/doctype/stock_closing_entry/stock_closing_entry.py", line 30, in get_closing_entry_for_closed_period
    	closed_upto = frappe.db.sql(
                   ~~~~~~~~~~~~~^
     	'SELECT MAX(period_end_date) FROM "tabPeriod Closing Voucher" WHERE docstatus=1 AND company=%s',
      ^^^^^^^^^^^^^^^^^^^^^^^^^^^^^^^^^^^^^^^^^^^^^^^^^^^^^^^^^^^^^^^^^^^^^^^^^^^^^^^^^^^^^^^^^^^^^^^^
     	company,
      ^^^^^^^^
     	as_scalar=True,
      ^^^^^^^^^^^^^^^
     )
     ^
  File "/workspace/frappe-bench/apps/frappe/frappe/database/postgres/database.py", line 234, in sql
    return super().sql(modify_query(query), modify_values(values), *args, **kwargs)
           ~~~~~~~~~~~^^^^^^^^^^^^^^^^^^^^^^^^^^^^^^^^^^^^^^^^^^^^^^^^^^^^^^^^^^^^^
TypeError: Database.sql() got an unexpected keyword argument 'as_scalar'
Traceback (most recent call last):
  File "/workspace/frappe-bench/generate_run.py", line 504, in <module>
    se.submit()
    ~~~~~~~~~^^
  File "/workspace/frappe-bench/apps/frappe/frappe/utils/typing_validations.py", line 36, in wrapper
    return func(*args, **kwargs)
  File "/workspace/frappe-bench/apps/frappe/frappe/model/document.py", line 1349, in submit
    return self._submit()
           ~~~~~~~~~~~~^^
  File "/workspace/frappe-bench/apps/frappe/frappe/model/document.py", line 1330, in _submit
    return self.save()
           ~~~~~~~~~^^
  File "/workspace/frappe-bench/apps/frappe/frappe/model/document.py", line 557, in save
    return self._save(*args, **kwargs)
           ~~~~~~~~~~^^^^^^^^^^^^^^^^^
  File "/workspace/frappe-bench/apps/frappe/frappe/model/document.py", line 612, in _save
    self.run_post_save_methods()
    ~~~~~~~~~~~~~~~~~~~~~~~~~~^^
  File "/workspace/frappe-bench/apps/frappe/frappe/model/document.py", line 1457, in run_post_save_methods
    self.run_method("on_submit")
    ~~~~~~~~~~~~~~~^^^^^^^^^^^^^
  File "/workspace/frappe-bench/apps/frappe/frappe/model/document.py", line 1260, in run_method
    out = Document.hook(fn)(self, *args, **kwargs)
  File "/workspace/frappe-bench/apps/frappe/frappe/model/document.py", line 1661, in composer
    return composed(self, method, *args, **kwargs)
  File "/workspace/frappe-bench/apps/frappe/frappe/model/document.py", line 1635, in runner
    add_to_return_value(self, fn(self, *args, **kwargs))
                              ~~^^^^^^^^^^^^^^^^^^^^^^^
  File "/workspace/frappe-bench/apps/frappe/frappe/model/document.py", line 1257, in fn
    return method_object(*args, **kwargs)
  File "/workspace/frappe-bench/apps/erpnext/erpnext/stock/doctype/stock_entry/stock_entry.py", line 572, in on_submit
    self.update_stock_ledger()
    ~~~~~~~~~~~~~~~~~~~~~~~~^^
  File "/workspace/frappe-bench/apps/erpnext/erpnext/stock/doctype/stock_entry/stock_entry.py", line 2227, in update_stock_ledger
    self.make_sl_entries(
    ~~~~~~~~~~~~~~~~~~~~^
    	sl_entries,
     ^^^^^^^^^^^
    	allow_negative_stock=allow_negative_stock,
     ^^^^^^^^^^^^^^^^^^^^^^^^^^^^^^^^^^^^^^^^^^
    	via_landed_cost_voucher=via_landed_cost_voucher,
     ^^^^^^^^^^^^^^^^^^^^^^^^^^^^^^^^^^^^^^^^^^^^^^^^
    )
    ^
  File "/workspace/frappe-bench/apps/erpnext/erpnext/controllers/stock_controller.py", line 1432, in make_sl_entries
    make_sl_entries(sl_entries, allow_negative_stock, via_landed_cost_voucher)
    ~~~~~~~~~~~~~~~^^^^^^^^^^^^^^^^^^^^^^^^^^^^^^^^^^^^^^^^^^^^^^^^^^^^^^^^^^^
  File "/workspace/frappe-bench/apps/erpnext/erpnext/stock/stock_ledger.py", line 98, in make_sl_entries
    validate_stock_frozen_by_closing_entry(sl_entries)
    ~~~~~~~~~~~~~~~~~~~~~~~~~~~~~~~~~~~~~~^^^^^^^^^^^^
  File "/workspace/frappe-bench/apps/erpnext/erpnext/stock/stock_ledger.py", line 67, in validate_stock_frozen_by_closing_entry
    closing_entry = get_closing_entry_for_closed_period(company)
  File "/workspace/frappe-bench/apps/erpnext/erpnext/stock/doctype/stock_closing_entry/stock_closing_entry.py", line 30, in get_closing_entry_for_closed_period
    	closed_upto = frappe.db.sql(
                   ~~~~~~~~~~~~~^
     	'SELECT MAX(period_end_date) FROM "tabPeriod Closing Voucher" WHERE docstatus=1 AND company=%s',
      ^^^^^^^^^^^^^^^^^^^^^^^^^^^^^^^^^^^^^^^^^^^^^^^^^^^^^^^^^^^^^^^^^^^^^^^^^^^^^^^^^^^^^^^^^^^^^^^^
     	company,
      ^^^^^^^^
     	as_scalar=True,
      ^^^^^^^^^^^^^^^
     )
     ^
  File "/workspace/frappe-bench/apps/frappe/frappe/database/postgres/database.py", line 234, in sql
    return super().sql(modify_query(query), modify_values(values), *args, **kwargs)
           ~~~~~~~~~~~^^^^^^^^^^^^^^^^^^^^^^^^^^^^^^^^^^^^^^^^^^^^^^^^^^^^^^^^^^^^^
TypeError: Database.sql() got an unexpected keyword argument 'as_scalar'
======================================================================
  EXECUTING COMPREHENSIVE MULTI-MODULE TRANSACTION GENERATION
======================================================================

----------------------------------------------------------------------
  PROCESSING TRANSACTIONS PER COMPANY & BRANCH
----------------------------------------------------------------------

[Ultra MRF Dau Main] (Cost Center: Main - UMDM | Warehouse: Stores - UMDM)
  ! O2C Error in Ultra MRF Dau Main: column "tabPayment Ledger Entry.account" must appear in the GROUP BY clause or be used in an aggregate function
LINE 1: WITH vouchers AS (SELECT "account","voucher_type","voucher_n...
                                 ^

  ! P2P Error in Ultra MRF Dau Main: Database.sql() got an unexpected keyword argument 'as_scalar'
  ! Stock Entry Error in Ultra MRF Dau Main: Database.sql() got an unexpected keyword argument 'as_scalar'

[Ultra MRF Dau Annex] (Cost Center: Main - UMDA | Warehouse: Stores - UMDA)
  ! O2C Error in Ultra MRF Dau Annex: column "tabPayment Ledger Entry.account" must appear in the GROUP BY clause or be used in an aggregate function
LINE 1: WITH vouchers AS (SELECT "account","voucher_type","voucher_n...
                                 ^

  ! P2P Error in Ultra MRF Dau Annex: Database.sql() got an unexpected keyword argument 'as_scalar'
  ! Stock Entry Error in Ultra MRF Dau Annex: Database.sql() got an unexpected keyword argument 'as_scalar'

[Ultra MRF San Fernando] (Cost Center: Main - UMSF | Warehouse: Stores - UMSF)
  ! O2C Error in Ultra MRF San Fernando: column "tabPayment Ledger Entry.account" must appear in the GROUP BY clause or be used in an aggregate function
LINE 1: WITH vouchers AS (SELECT "account","voucher_type","voucher_n...
                                 ^

  ! P2P Error in Ultra MRF San Fernando: Database.sql() got an unexpected keyword argument 'as_scalar'
  ! Stock Entry Error in Ultra MRF San Fernando: Database.sql() got an unexpected keyword argument 'as_scalar'

[Wheel Core] (Cost Center: Main - WCORE | Warehouse: Stores - WCORE)
  ! O2C Error in Wheel Core: column "tabPayment Ledger Entry.account" must appear in the GROUP BY clause or be used in an aggregate function
LINE 1: WITH vouchers AS (SELECT "account","voucher_type","voucher_n...
                                 ^

  ! P2P Error in Wheel Core: Database.sql() got an unexpected keyword argument 'as_scalar'
  ! Stock Entry Error in Wheel Core: Database.sql() got an unexpected keyword argument 'as_scalar'

[Ultra MRF Telebastagan] (Cost Center: Main - UMTEL | Warehouse: Stores - UMTEL)
  ! O2C Error in Ultra MRF Telebastagan: column "tabPayment Ledger Entry.account" must appear in the GROUP BY clause or be used in an aggregate function
LINE 1: WITH vouchers AS (SELECT "account","voucher_type","voucher_n...
                                 ^

  ! P2P Error in Ultra MRF Telebastagan: Database.sql() got an unexpected keyword argument 'as_scalar'
  ! Stock Entry Error in Ultra MRF Telebastagan: Database.sql() got an unexpected keyword argument 'as_scalar'

[Automan Car Care Center] (Cost Center: Main - AUTOMAN | Warehouse: Stores - AUTOMAN)
  ! O2C Error in Automan Car Care Center: column "tabPayment Ledger Entry.account" must appear in the GROUP BY clause or be used in an aggregate function
LINE 1: WITH vouchers AS (SELECT "account","voucher_type","voucher_n...
                                 ^

  ! P2P Error in Automan Car Care Center: Database.sql() got an unexpected keyword argument 'as_scalar'
  ! Stock Entry Error in Automan Car Care Center: Database.sql() got an unexpected keyword argument 'as_scalar'

[The Wheelhub] (Cost Center: Main - WHUB | Warehouse: Stores - WHUB)
  ! O2C Error in The Wheelhub: column "tabPayment Ledger Entry.account" must appear in the GROUP BY clause or be used in an aggregate function
LINE 1: WITH vouchers AS (SELECT "account","voucher_type","voucher_n...
                                 ^

  ! P2P Error in The Wheelhub: Database.sql() got an unexpected keyword argument 'as_scalar'
  ! Stock Entry Error in The Wheelhub: Database.sql() got an unexpected keyword argument 'as_scalar'

[ULTRA MRF] (Cost Center: Main - UM | Warehouse: Stores - UM)
  ! O2C Error in ULTRA MRF: column "tabPayment Ledger Entry.account" must appear in the GROUP BY clause or be used in an aggregate function
LINE 1: WITH vouchers AS (SELECT "account","voucher_type","voucher_n...
                                 ^

  ! P2P Error in ULTRA MRF: Database.sql() got an unexpected keyword argument 'as_scalar'
  ! Stock Entry Error in ULTRA MRF: Database.sql() got an unexpected keyword argument 'as_scalar'

[Ultra MRF Warehouse Dau] (Cost Center: Main - UMDW | Warehouse: Stores - UMDW)
  ! O2C Error in Ultra MRF Warehouse Dau: column "tabPayment Ledger Entry.account" must appear in the GROUP BY clause or be used in an aggregate function
LINE 1: WITH vouchers AS (SELECT "account","voucher_type","voucher_n...
                                 ^

  ! P2P Error in Ultra MRF Warehouse Dau: Database.sql() got an unexpected keyword argument 'as_scalar'
  ! Stock Entry Error in Ultra MRF Warehouse Dau: Database.sql() got an unexpected keyword argument 'as_scalar'

[San Fernando Warehouse] (Cost Center: Main - SFWH | Warehouse: Stores - SFWH)
  ! O2C Error in San Fernando Warehouse: column "tabPayment Ledger Entry.account" must appear in the GROUP BY clause or be used in an aggregate function
LINE 1: WITH vouchers AS (SELECT "account","voucher_type","voucher_n...
                                 ^

  ! P2P Error in San Fernando Warehouse: Database.sql() got an unexpected keyword argument 'as_scalar'
  ! Stock Entry Error in San Fernando Warehouse: Database.sql() got an unexpected keyword argument 'as_scalar'

[Ultra MRF Mexico Warehouse] (Cost Center: Main - MEXWH | Warehouse: Stores - MEXWH)
  ! O2C Error in Ultra MRF Mexico Warehouse: column "tabPayment Ledger Entry.account" must appear in the GROUP BY clause or be used in an aggregate function
LINE 1: WITH vouchers AS (SELECT "account","voucher_type","voucher_n...
                                 ^

  ! P2P Error in Ultra MRF Mexico Warehouse: Database.sql() got an unexpected keyword argument 'as_scalar'
  ! Stock Entry Error in Ultra MRF Mexico Warehouse: Database.sql() got an unexpected keyword argument 'as_scalar'

======================================================================
  TRANSACTION EXECUTION COMPLETED:
  - Order-to-Cash (O2C) Full Cycles: 0 branches
  - Procure-to-Pay (P2P) Full Cycles: 0 branches
  - Stock Entries with Bin Dimensions: 0 branches
======================================================================
